"source","text","id","line_value","line_var","type"
"turning point at glendale","I’ll fight for you with every breath in my body.",1,-1,NA,"real"
"turning point at glendale","We’ll defend America against all threats and protect America against all dangers.",2,-1,2.12132034355964,"real"
"turning point at glendale","We’ll never give in, we’ll never give up, and we will never stop fighting for our country, our flag, and our freedom.",3,1,2.12132034355964,"real"
"turning point at glendale","I will never stop fighting for you.",4,-1,NA,"real"
"turning point at glendale","Well, thank you very much and a very big hello, Arizona. Hello, Phoenix. I’m thrilled to be back in this incredible state with thousands of proud, hardworking American patriots. That’s what you are. You built our country. 74 days from now, can you imagine? 74 days. Then we gently move into that beautiful White House and we take over our country and we make it great again. We’re going to win Arizona. We’re going to defeat comrade Kamala Harris, and we’re going to win back our beautiful White House. We’re going to win it back. We’re going to win it back in record force. Everyone here tonight is part of the greatest political movement in the history of our country. This is the greatest political movement. It’s called Make America Great Again. And it’s right now bigger and better and stronger than it ever was before. We won in 2016, and we did much better in 2020.",5,30,1.1037127426019,"real"
"turning point at glendale","A lot of people don’t understand that, but we understand it. Millions and millions more votes, but those two are nothing like the spirit that we have now. It’s amazing, and that’s because we’ve seen how bad government can be. That’s why. It’s combinations of a lot of things, but the job they’ve done in destroying our country is unbelievable and people have seen it and because of that, there’s never been anything like this. Right, Carrie? Right? Our movement is not about Democrat versus Republican. It’s about patriotism and common sense. You have a common sense with a Party of common sense. You say what you want, nice to say conservative, but really, with a Party of common sense. We want fair elections, free elections. We want strong borders. We want a great military. We want great education. We want a nice home at low interest rates or low taxes and no regulations.(31:58)That’s why we’re welcoming support from millions and millions of disaffected Democrats and they are joining like wildfire. Now, it’s a little different than it was. We had somebody, I was up 18 points and they said, “Joe, you can’t win. You’re getting out of the race.” “No, I want to go and give it a shot.” “No, Joe. You’re getting out of the race, Joe, and if you don’t do it the nice way, we’ll do it the tough way, Joe.” And he said, “Okay.” And now I have a new opponent. This never happened before. We spent $100 million and a lot of time on defeating him, and as soon as he was gonzo… It all started with the debate. The debate, all that time, all that effort. A friend of mine said, “You did a terrible job in the debate.” I said, “Why do you say that? Everybody said I was brilliant.” They said, “No, you got him out of the race with that debate.”(32:57)It’s all right. We have to do what we have to do. Right? We have to do what we have to do, and now we have somebody that in theory should be easier to beat, in theory because she’s a radical left Marxist and everybody knows it, but we’re welcoming the support from millions of disaffected Democrats, independents, moderates, old-fashioned liberals who still believe in little things like borders. I was there yesterday. That’s a scary place. ” Sir, it’s about time that you get out of the sun. Sir, we’re going to have to get you out of here, sir. Let’s get the hell out of here.” She was the border czar. She presided over the worst border in history, not American history, world history, democracy, liberty, and of course, always the right of free speech. We don’t really have free speech right now. The press, look at all of them. Look at all of them. Look at that. Wow. Man. That’s a lot of press. That’s a lot of fake news. That’s a hell of a lot of fake news.(34:09)Gone forever is the old Democratic Party of FDR, JFK. That’s right, even Bill Clinton. Kamala Harris’ Democrat Party is the Party of free healthcare for illegal aliens, communist-style price controls, defund the police. All her life, she wants to defund the police. A little while ago she changed, didn’t she? Huh? Banning gas-powered cars and sex changes for minor children without parental consent. How about that one? How would you like that? Without parental consent. Can you imagine, your kid comes home without parental consent? “What happened to my baby? What happened?” The true divide in American politics today is between these far-left fascists, led by Harris and her group, and you know who her group is, and citizens of all political backgrounds who love our country, share traditional American values, the values that you have right here in this great state, and look past our differences to unite around a thing called our great American flag.(35:25)And we should speak to our great Congressmen and Congresswomen. They ought to make it illegal to burn the American flag. If you burn the American flag, you go to jail for one year. One year. That’s all. One year. You burn the American flag because in Chicago at the Democrat [inaudible 00:35:52], they were burning flags all over the place. You burn the American flag, they say it’s unconstitutional to do that. I think it’s constitutional. You burn the American flag, you go to jail for one year. Nobody’s going to be burning the American flag anymore.(36:10)Our opponents worship the deep state. We want to obliterate the deep state, slight difference. Thank you. Our opponents join with warmongers and neocons to wage endless wars, these wars that never end. We don’t even know who the hell the country is that we’re fighting. We believe that America is strongest when America is at peace. We want peace through strength. That’s what we want, like we had four years ago. We didn’t have any wars, except we wiped out ISIS very quickly. It was supposed to take five years to beat ISIS. I did it in three weeks.(36:56)They support coercive COVID vaccine mandates and want to fire you. If you don’t obey, you get fired. We oppose these mandates as a fundamental violation of our God-given rights. We don’t want the mandates. We don’t want the mandates. They want to arrest their political opponents and silence those who disagree. We reject censorship in all forms and we believe in freedom, open debate and fair, equal and impartial justice under the constitutional rule of law. Our opponents slander us as a threat to democracy. “Trump is a threat to democracy.” No, they’re a threat to democracy. How many times have you heard? It’s a talking point for them. Right, Deb? It’s a talking point. “Donald Trump is a threat to democracy.” And those guys say it too because they’re the same thing. They’re like a part. They’re a subsidiary of the Democrat Party.(37:59)Meanwhile, they rig their primaries, they force out Joe Biden, they force him out of the Party. Joe Biden got 14,000,000 votes in an unconstitutional coup, and they appoint a nominee who never got a single vote. And when she ran against this guy, and I’m no fan, he was the worst president in the history of our country. He let in millions and millions of people through her, let in millions of people who destroy our country, but we’re going to get those people out. The people that came in here from jails and prisons and mental institutions, but they threw them out. They ran against each other for the primary and she never even made it to the first state. The great State of Iowa, never made it. And now she’s the one running. A little strange, isn’t it? You see, that’s really a threat to democracy if you get right down to it, right? In our movement, we know that democracy does not mean rule by the Democrat establishment. It means rule by the American people.(39:09)Tonight, I’m very pleased to welcome a man who has been an incredible champion for so many of these values that we all share, and we’ve shared them for a long time. I don’t think too many of you people have heard of him. He’s very low-key. He’s a very low-key person, but he’s highly respected. He is a great person. I’ve known him for so long, for the past 16 months. Robert F. Kennedy Jr…",6,23,2.34361878717675,"real"
"turning point at glendale","For the past 16 months, Bobby has run an extraordinary campaign for President of the United States. I know because he also went after me a couple of times. I didn’t like it, and I mean this sincerely. Had he been allowed to enter the Democrat primary, he would’ve easily beaten Joe Biden, but they wouldn’t let him in. They put up rules. I’ve never seen rules like he had to have 65% of the vote in order to run. Little things like that. His candidacy has inspired millions and millions of Americans, raised critical issues that have been too long ignored in this country, and brought together people from across the political spectrum in a positive campaign, grounded in the American values of his father, Robert Kennedy, a great man, and his uncle, President John F. Kennedy.(41:50)And I know that they are looking down right now, and they are very, very proud of Bobby. I’m proud of Bobby. You want to know the truth? And I don’t think I’ve ever introduced anyone that got applause like he just got. I must tell you, it’s true. I don’t think I’ve ever introduced anybody that got applause like that.",8,15,1.60255477852765,"real"
"turning point at glendale","Amazing. Still.",9,4,NA,"real"
"turning point at glendale","Amazing. Soon after I was, I can’t even believe I have to say this, nearly assassinated in Pennsylvania last month, Bobby called me to express his best wishes. He knows firsthand the risks incurred by leaders who stand up to the corrupt political establishment. When you stand up, you bring on some trouble for yourself, but you have to do what’s right. You have to do what’s right for the country. I will tell you, we are both in this to do what’s right for the country. That’s one thing I can tell you. He lost his father and uncle in service to our country, and Bobby himself was subject to repeated threats to his safety during the course of his campaign while being denied protection by the Harris-Biden administration.(43:41)And this is a tribute in honor of Bobby. I am announcing tonight that upon my election, I will establish a new independent Presidential Commission on Assassination Attempts, and they will be tasked with releasing all of the remaining documents pertaining to the assassination of President John F. Kennedy. And they will also conduct a rigorous review of the attack last month. But I tell you, I have never had more people ask me, “Please sir, release the documents on the Kennedy assassination,” and we’re going to do that.(44:39)I also want to salute Bobby’s decades of work as an advocate for the health of our families and our children. Nobody’s done more. Millions and millions of Americans who want clean air, clean water and a healthy nation have concerns about toxins in our environment and pesticides in our food. That’s why today I’m repeating my pledge to establish a panel, top experts working with Bobby to investigate what is causing the decades-long increase in chronic health problems and childhood diseases, including autoimmune disorders, autism, obesity, infertility, and many more. We want every child in America to grow up and to live a long and healthy life.(45:35)So I just want to ask Bobby to speak for a little while. I’ll stand aside. I’m going to stand aside, but I can only tell you I’ve known him a long time. We’ve been a little bit on the opposite side of the equation, but I will say this, he is a brilliant… I still think of him as young. He’s not that young. I always call him young, but he’s not that young. But he is a phenomenal person, a phenomenal man who loves the people of this country as much as anybody can love the people of this country. So Bobby, please say a few words. Thank you very much. Thank you.",10,15,2.26853368043953,"real"
"turning point at glendale","Wow, that was something, huh? That was something. Fantastic guy. He did well, and the polls are good and all, but you have to remember, we have sort of like a two party system. It was designed that way and it’s awfully tough. And as well as he did, he’d be at 10 and 15 and 16 points sometimes. That’s a lot. That’s a lot. But if he were in a regular system like as a Democrat or perhaps as a Republican, but not against me, of course, but if he were in a regular system, there are a lot of people that maybe liked him the best, but they said, “We can’t vote.” So with all of those votes he was getting, he has a lot of votes that he could have gotten, I think he’s going to have a huge influence. We’re leading now, but I think he’s going to have a huge influence on this campaign. Actually, much bigger than you’d see in the polls, and those numbers are big to start off with. But Bobby and I will fight together to defeat the corrupt political establishment and return control of this country to the people.(53:48)And to all who supported Bobby’s campaign, I very simply ask you, join us in building this coalition. It’s a beautiful coalition in defense of liberty and safety, prosperity and peace. It’s going to be an incredible coalition and the relationship has been so good for so long. I have no doubt it’s going to work and work well, but we have to win. We have to take our country away from these people that are going to destroy our country. We won’t have a country left. So thank you very much. We need your vote.(54:24)As you all know, this week, the Democrats held their Convention. You probably saw at their Party. The media says the big message from their Convention was that we need to turn the page from the failures of the last four years. Do you believe it? They forgot they’ve run it for the last four years. She was saying last night, “We will stop the abuse. We will stop the high taxes.” I said, “You could have done it three and a half years ago.” In fact, you could leave that nice auditorium that you’re in and go to the White House right now. You want to have a strong border? All you have to do is say to the incredible Border Patrol, ICE, law enforcement, “Close the border now.” You don’t need bills. I did it, and we had the best border in history.(55:25)Put up that chart. Put it up. That chart, I love that chart. I love that chart. Put it up. I love that chart. Not everybody realizes, but that chart is very meaningful, even beyond the numbers that are on the chart. It shows the least numbers of illegal immigrants pouring into our country. Again, prisons, from mental institutions, terrorists, where the bottom arrow is. But you know what? That chart is meaningful in many ways. Some people understand what I’m talking about. I love you, darling. I love you. I’m going to sleep with that chart tonight, Deb. I’m going to sleep with that chart.(56:19)But isn’t that a beautiful site? Look at that. Look at that arrow. And then look what happens when… That was my last week in office, and look what happens after I left. It’s like a rocket ship. Look at that. Isn’t that terrible? No vetting, no checking. We have no idea who they are. They just pour into our country by the millions and millions and millions. We need to turn the page of four years of calamity and failure. They have had calamity and failure, and say, Kamala, you’ve done a horrible job. You’ve been the worst vice president in the history of our country. Kamala, you’re fired. You’re fired. Get out. Get out. Get out, Kamala. She’s the only person ever to get a nomination of a Party without getting one vote. She didn’t get one vote.(57:22)Hey, maybe she’s smarter than we think. You could look at it that way. As vice president, Kamala cast the deciding votes causing the worst inflation in decades, costing the typical American household, $28,000. Think of this. Higher prices. It was inflation, $28,000. As borders are, she flooded America with savage, illegal alien criminals who have been raping, pillaging and killing our cities and our towns. Three years ago this week, she was the final vote on the catastrophic Afghanistan withdrawal. And we were withdrawing, but we were going to withdraw with dignity, with grace and with strength. We would’ve been out faster, but we were going to keep [inaudible 00:58:15]. But that was the most embarrassing event in the history of our country, leading to horrific war and humiliation all over the world. When Putin saw that, he invaded Ukraine. It brought a lot of people back because they said, “The United States is run by incompetent people. The United States is no longer respected. It’s no longer strong.” That’s what they said.(58:40)A lot of these things that you’re seeing now wouldn’t have happened except for the horrible, horrible event of Afghanistan. I was dealing with the leader of Afghanistan, Abdul, and I said, “Abdul, you can’t kill our people.” He was killing our people. And I had a strong talk with him. I’m not going to get into it exactly. We went 18 months without one soldier being sniped at or shot at, not one soldier injured or killed. And then we had a tremendous election where we did probably 10,000,000 or 12,000,000 more votes that we got the first time. Most presidents don’t get as many votes the second time because people get bored, but they don’t get bored with me. They get bored. No, they get bored.(59:37)Like Barack Hussein Obama got far fewer votes the second time, and he won, he won. Have you heard of him? Barack Hussein Obama. Remember Rush? Rush Limbaugh, “Barack Hussein Obama.” He was nasty to me. He was nasty. Michelle was nasty. They’re all nasty, nasty people. They were very nasty. I was surprised. And I was sort of nice to him. I said, “No, I like him.” Good. It didn’t matter. They were nasty to me. And of course, last night, Kamala mentioned my name, I think 21 times. She didn’t mention the border. She didn’t mention inflation. She didn’t mention anything but my name over and over and over again. She blamed me for the border. I haven’t been there in four years. You saw it. I had the safest border, the best border we’ve ever had. She blamed me for the border. They lied so much. They lied about everything. She said, I was involved with something called Project 25. I don’t even know what the hell it is. No, they really were nasty. And then they say to me, “Sir, please stick to policy. Don’t stick to personality. You should be nice to people, sir. You have to be nice.” I call them up. My geniuses, they get paid a fortune. Actually, not that much, but I call up my people and say, “They’re knocking the hell out of me and you say I shouldn’t get personal. I have to get personal, don’t I?” I have to get personal. I have to get personal. They get personal, but I’m going to do my best. So they’re allowed to get personal with me, but I’m not allowed to get personal to them. They call me names that are so bad. Our great First Lady says, “But you’re not that way, darling.” They love our great First Lady, I will tell you. They do, they do. “But",11,-16,2.47589471601858,"real"
"turning point at glendale","But darling, you’re not that way. I said, “I know that,” and if I say something just slightly out of order, like, “She didn’t do a very good job last night,” please never, ever mention her look or anything like that. If you ever say, “She didn’t look really great,” that’s the end of your political career. So I wouldn’t say a thing like that.(01:02:24)How about her opening where she said, “Thank you, thank you, thank you, thank you, thank you, thank you, thank, thank you, thank you, thank you, thank you.” I said, “What the hell is wrong with her, Deb?” Debbie Lesko. She’s a winner.(01:02:42)Is that Sheriff Joe? Oh. That’s Sheriff Joe. Look at that. A legend. And our Sheriff Joe’s looking at these clowns where they have no idea what they’re doing, where people come in by the millions. He had nobody come in. Remember, he dressed everybody in pink? Remember that, right? Is that right, Joe? They had to dress in pink. I mean, it wasn’t the worst. It wasn’t bad. I mean, you got a lot of killers that had to dress… Pink underwear, pink undershirt, and a pink outfit because he didn’t want them coming into our own country.(01:03:51)Do you remember Arizona when Sheriff Joe was at the border? You didn’t have people coming in. I think for the one year he had one person come in, but they got him. Now we have 3 million people coming in through your border. Your border. Oh, through the whole thing. It’s ridiculous. It’s not… Joe, it’s an honor. And I’ll tell you, people didn’t treat you right. You are a legend and you did a job like nobody else. It’s true.",12,4,2.65832027165025,"real"
"turning point at glendale","Great going, Joe. And we love your wife. He lost his wife a few years ago and she was a hell of a woman, right, Joe? But she’s looking down at you and she’s proud of you. She’s saying, “You did very well with this group of people.” But I’ve known you for a long time. It was nobody like him. He understood the border better than anybody, and he ran it fairly. Very fair. But he ran it strong and they respected him. They didn’t even try. So thank you very much, Joe. Your wife is, she’s proud of you. She’s proud of you, very proud of you.(01:05:14)We’re grateful to be joined tonight by the founder of Turning Point Action, a gentleman named Charlie Kirk. Thank you, Charlie. What a job he does. I said, “Charlie, do me a favor. We got this thing won, but do me a favor: make sure they don’t cheat.” The only way they can do anything is if they cheat like hell and we’ve been victims of that. “Make sure they don’t cheat, Charlie. We don’t need the votes. We just want to make sure that they don’t cheat.”(01:05:49)Hello, Sheriff. How are we doing? How are you guys doing? Good, thank you. We need every sheriff to get over there, every law enforcement official, because we got the votes. We got to make sure everything’s on the up and up. Charlie and his team of people. I mean, he’s got hundreds of thousands of young people. It’s actually quite discriminatory.(01:06:14)Charlie, have you ever been sued by old people for not accepting them? He’s got the youngest looking group of people and their warriors. They’re unbelievable. The job Charlie has done is incredible. Thank you, Charlie. Thank you, Charlie. The job he’s done, it’s really incredible.(01:06:36)Also with us is an incredible congresswoman who has decided to go on to a certain board. Do you know what I’m talking about? The most important board maybe in the whole country, and she’s going to make sure everything’s on the up and up. Debbie Lesko. Debbie, thank you, Congresswoman. Thank you, Debbie. You make sure, Debbie. She just won a big election by a massive… Boy, you won that election easy. She won it pretty easy.(01:07:07)Another person who’s a friend of mine, he’s a warrior for a long time. He’s great. He loves his state, he loves our country. Andy Biggs. Congressman Andy Biggs, thank you. Thank you.(01:07:25)And two other warriors, a young one and a little bit older one, but boy, they are tough. You don’t get tougher than Eli Crane and Paul Gosar. Paul Gosar. Great. Thank you, Eli. Great, great. Beautiful. Great people.(01:07:46)And the next congressman from Arizona’s, eighth District Abe Hamadeh. Wow, it’s going to be good for a long time. He’s a young gentleman. Great Abe. Great job, great job. Great heart. He went through a tough one. Arizona GOP Chairwoman. She is doing a job. Gina Swoboda. Gina. She is doing a job.(01:08:18)And a very good friend of mine, the next senator from Arizona. I really believe this. Look, she’s running against… We don’t have to do a… I was going to bring her up. I was going to say, “Come on, Kari, speak,” but she just spoke for half an hour. What the hell am I going to do here?(01:08:39)But I will tell you, she’s running against a guy who’s a rubber stamp for, it used to be Biden. Now who the hell knows? I don’t even know. Do we know who it is? A rubber stamp for somebody.(01:08:55)But Ruben Gallego is horrible. He’s an open borders maniac. He’s a defund the police maniac. He shouldn’t be allowed to even run in this election against her, because Kari Lake is incredible. She’s incredible, she’s tough, she’s smart, she’s got heart, and she should be your next senator. I hope you win this sucker because you are winning.(01:09:29)You’re running against a guy that cannot carry your shoes. I’m being nice. You know the expression, “Can’t carry her shoes?” And you’re going to have a big victory, and we’re going to work together, and we’re going to make sure we win this state. I say this presidentially: if we win this state, which we’re expected to, we’re leading and all of that, we win the presidency and we have to take Kari Lake with us. Go get ’em. Go get ’em Kari. Go get ’em, Kari.",13,43,2.20063696013291,"real"
"turning point at glendale","Very important. And honestly, we all know Kari. She’s been a newscaster for 22 years. Everybody knows her. She’s never had a problem. She’s solid as a rock. This guy is a freaking loser. He’s a loser. So with that, we’ll go on. But good luck, Kari. We love you. Special.(01:10:57)Since Democrats didn’t talk about Kamala’s horrendous record last night, we will. For nearly four years, Comrade Kamala Harris… I use that term. I don’t know if it’s good. Is it good or not? Tell me. Let’s do a poll. Let’s do a poll. I love these free polls. Instead of spending $250,000 to a pollster that doesn’t even poll. You know what they do? They take your money. They say, “Let’s see, all right. 49 to 50.” It’s one of the greatest businesses in history.(01:11:27)I get a free poll here. Do you like the name? She’s a radical. Left lunatic, okay? She’s a defunder of the police. She wants to defund all the things that we talk about. Do I call her Comrade Kamala Harris or do I not? Ready? Ready? What do I do there? You tell me. You could tell me better than anybody. Okay, ready? I’ll say yes or no. Yes? No?(01:12:11)Comrade Kamala Harris has overseen a nation-wrecking border invasion. This is a nation-wrecking… It’s an invasion. One of the ways… I built hundreds of miles of wall, I was there yesterday. I looked up and down, I said, “Man, I built a lot of wall,” and we could have put up 200 miles more, but they didn’t want to do it. And that’s when I said, “You know, I think they really want to open borders,” but we built much more wall than I said I was going to build, and you couldn’t see the end of it yesterday. You couldn’t see the end. We had a news conference.(01:12:51)But it’s a dangerous area. It’s a dangerous area because of her. Because of him, but he put her in charge. Whether she’s borders or… And that’s what she was called. Only recently did she say she doesn’t have that.(01:13:03)But you know what? She has been the worst manager, and the border patrol never even… They never even met her. She’s in charge of it. They never even met her. And you suffered the price. She’s allowed at least 20 million illegal aliens into our country, including millions and millions of unvetted fighting-age men from 159 countries.(01:13:29)You know, it’s no longer just South America. They come from Africa, the Congo, a lot coming from jails in the Congo. Let me tell you, these people, the nice thing, they make our criminals look like the nicest people on Earth. That’s how tough they are.(01:13:46)They come from the Middle East. They come from areas that we’re fighting. They come from enemy terrain. They come from all over the world, and they do come from South America, but not only from South America. 159 different countries in the last year, and they’re totally unchecked and unvetted. Every single year she’s been in office, she has set an all-time high illegal border crossings record: triple and quadruple what the year before, where I’d have like 150,000 and she’d have two and a half million. What she has done to this country, nobody can tell you.(01:14:26)You know, she destroyed San Francisco as the district attorney. She destroyed California. You know that. This is a woman that’s going to take… She destroyed California. She had a policy: if you steal less than $950, you’re allowed to keep it. You could go. We’re not going to prosecute. So criminals are walking into stores. Mean, nasty guys, rough guys, and they take calculators and they calculate. ” Let’s say, I want to get up…” They walk out, then they walk back in. The whole thing.(01:15:05)This is who we’re going to have running our country? I don’t think so. And nobody lies like her. She’s a liar. She makes up crap. She’s the one going to raise… You know, she said, “Donald Trump is going to raise…” You know why she said I was going to raise? Because I’m going to put tariffs on other countries coming into our countries, and that has nothing to do with taxes to us.(01:15:29)That’s a tax on another country, and I did it with China and we had no inflation. I had no inflation. I took in hundreds of billions of dollars from China, and not one other president took in 10 cents. They were all, “Oh, China. We’re afraid of China. We’re afraid of China.”(01:15:49)According to a new DHS report, Kamala Harris also lost, and this is impossible to believe, listen to this: 325, 000 migrant children are gone. They’re missing. She allowed them to be trafficked into our country. Many of these children are now in sex slavery or they’re dead. Probably mostly dead. They will never see their homes or their parents again. They were swiped out of their homes. They were taken out of their homes. This is a government number, 325,000 children: sex slaves or they’re dead. Many are dead.(01:16:37)Hamas has so little respect for Kamala and Joe Biden, crooked Joe Biden, that the hostages that they’re talking about all the time, I believe they’re largely gone. I believe they’re largely gone. So sad. When you look at what happened, when you look at that attack on October 7th, I believe they’re gone.(01:16:58)And the reason they’re not negotiating, it says, “Hamas has decided not to negotiate,” because what they want back are the hostages, and I think those hostages, for the most part, aren’t around anymore. And so they said, “Oh boy, we can’t really negotiate because we don’t have the hostages.” The hostages are largely gone. How sad. How terribly sad.(01:17:22)If they feared and respected Joe Biden and Kamala, they would never have killed those hostages. They would’ve never attacked. They would never have attacked when I was president. Iran was broke. Iran was broke. I told China, “If you spend any money on buying oil from Iran, you’ll never do business in the United States again, and we’re going to put a 200% tariff on Iran.” And Iran was broke and they had no money for Hamas and they had no money for Hezbollah.(01:17:53)You can check your numbers. Look at it. My last year, they had no money. We had no terrorism. For four years. I didn’t have any terrorism. Did you notice that? None. And when they asked Viktor Orban, the prime minister of Hungary, very strong guy, “What is the reason that things are so bad now?” The Middle East is blowing up. Russia is blowing up with Ukraine. There’s war starting all over the place. Looks like bad things could happen in Taiwan with China. What’s the reason? He says, “You got to get Donald Trump back as president. You won’t have any problems.” That’s what he said.(01:18:30)It’s true. It’s true. They respected your country. They respected your leader, but they respected our country. Now they laugh at our country. Our country has become a joke. She’s provided deportation immunity to the vast majority of criminal aliens living inside the United States, and is importing MS-13 gang members, known as the most violent gang of them all, into our cities and into our high school. Think of it: they’re coming into our high schools.(01:19:04)Kamala has set loose thousands of Venezuelan gang members who, according to law enforcement bulletins, have been given a license to shoot American police officers. You know that right? Under Harris, ICE deportations are at the lowest level in history, the history of our country. She supports deadly sanctuary cities.(01:19:27)Now, of course, she’s flip-flopping on everything. You do know that, right? You know that Joe? She’s flip-flopping on everything. Debbie, right? She’s a flip-flopper. Andy, she’s a flip-flopper. She flip-flops on everything, because she was polled. She said she didn’t do too well. That’s probably why she was the first out out of 22 people.(01:19:48)I can’t get over it. She was the first failure and now she’s running. Oh, we’re going to beat her. I look forward to the debate, too. I do look forward to the debate. I look forward to it.(01:20:06)She called for abolishing ICE. These are great patriots who are tough as hell. You need tough people. She’s compared ICE agents to the KKK. She wants to repeal the federal law that makes illegal immigration a crime, making illegal immigration totally legal. It’s okay to come into our country.",14,-49,2.2678604710842,"real"
"turning point at glendale","She wants to release all of the thousands of criminal illegal aliens that are locked up in detention centers, and these are the toughest of them all. She wants to release them into our country. We have detention centers for the toughest of them all. She says, “We’re going to release them.” Now, maybe they’ll ask her tonight, “Oh, no, I would never do that.”(01:20:47)She might change. She’s changing on everything. But don’t forget: if the election ever went haywire, if they can find a way to cheat enough and she wins, in quotes, “she wins,” she’s going to do everything that you wouldn’t dream of, including no fracking.(01:21:04)She didn’t discuss fracking last night. No fracking in Pennsylvania. I can’t imagine she could do well in Pennsylvania. 500,000 jobs are involved with fracking, and a huge amount of their budget. Everything’s involved with fracking and she’s against it.(01:21:24)In her speech last night, she lied about almost everything. She lied when she said I was going to raise taxes. No, I’m lowering taxes. She’s the one. She lied and said that, oh, this is the best, I’m going to be the one, and I was already there, I didn’t touch your Social Security and a lot of Democrats wanted me to. She lied when she said that I want to cut Social Security and Medicare. No, she wants to cut it because she wants to have the illegal immigrants coming into our country to go on Social Security and Medicare, which will destroy Social Security and Medicare.",15,-9,2.30741756606294,"real"
"turning point at glendale","It’s Kamala Harris who cast a tie breaking vote to cut Medicare by $266 billion. She cut your Medicare, remember this, by $266 billion, and then promised mass amnesty last night to 20 million illegal aliens and make them American citizens, which will absolutely obliterate your Social Security and your Medicare, ultimately leaving those programs bankrupt, and our seniors desperate and poor.(01:22:45)And remember, when you talk all of those hundreds of billions of dollars, you know what she’s putting that money into? The green new scam. She took it out of your Medicare. She’s putting it into one of the greatest ever, one of the great voices of sport, stand up. Let’s see if anybody knows who the hell you are.(01:23:07)Good job. A good man. He’s done a good job, but she took it out and she wants to put it into… She put it into the green new scam. She said the border was safe under her direction.(01:23:19)You know, they’re the party of disinformation and misinformation. They’ll say something 100 times “The border was safe.” Did you see her last night? “The border’s safe.” The first time she said that, it was about two months ago, and she went like this: “The border was… Safe.” She started choking. Horrible.(01:23:46)They are. They’re misinformation, disinformation. They lie. They keep saying the same untruth over and over again. And you’re not like in my business, you’re not in this political business like these people. You’re in other things. You’re lawyers and you’re carpenters and you’re electricians and you’re drivers, and you’re doing a lot of things.(01:24:05)By the way, no tax on tips. Remember that? No tax on tips. No tax on tips. She tried that one, and yet in Congress right now, they have bills to destroy people that don’t… Do you see what’s going on? It’ll never happen. It’s guaranteed to happen with me: no tax on tips.(01:24:24)But actually. It’s the most dangerous and unsafe border anywhere in the world. There’s never been a border like it. No country, ever. If a country had a border like that, they would fight with sticks and stones if they had to to keep the people out. She believes that if you say things enough over and over again, even if they’re stone-cold lies, like Project 25, “Project 25, he believes in…”(01:24:51)I don’t even know what the hell it is. I know it’s a group of people that got together and they’re slightly on the conservative side and it’s unbelievable what they do. It’s really unbelievable.(01:25:04)She would destroy our country. If she was ever elected, our country will go down the tubes. We’ll be in a depression like 1929. We will not have a country any longer.(01:25:15)Yesterday, I was at the border with the victims of Kamala’s migrant crime wave. One of them is here with us tonight. Michael Moran is the brother of Rachel Moran, who you know about. Rachel was a cherished 37-year-old mom of five absolutely incredible children, beautiful children, beautiful woman. Last summer, Rachel was out on a run when she was brutally raped and murdered by an illegal alien who was let into America by… Kamala Harris let her in. Said, “Let her in.”(01:25:49)The animal who committed this heinous crime first killed another woman in El Salvador before walking across the open border. Just walked right in. No problem. He then attacked a nine-year- old girl and her mother in a home invasion in Los Angeles before murdering Rachel in cold blood.(01:26:07)Michael, I promise you, in Rachel’s memory, we will stop this invasion and we will keep these savage criminals the hell out of our country. Thank you, Michael. Please. Thank you. So sorry, Michael. So sorry. Say hello to your parents and everybody. Okay? Thank you. So horrible. We are so sorry, Michael. Thank you for being here.(01:26:34)According to her own administration’s statistics on crime victims, Kamala Harris has presided over a 43% increase in violent crime, these are government numbers, by the way, including 58% increase in rape, 89% increase in aggravated assault, and 56% increase in robbery. During the riots of 2020, she encouraged her followers to donate to bail criminals, looters and arsonists and killers. People died. Including Shawn Michael Tillman, a dangerous repeat offender who went on to shoot and kill a Minnesota man six times in the head. He shot him six times in the head and torso, and Kamala let him out, let him go.(01:27:22)While Kamala Harris was DA of sanctuary city San Francisco, 20 years ago, maybe the greatest city in the world, today, it’s unlivable, she ignored the victims family: “Please, please let us do… Please don’t do this to us,” and refused to seek the death penalty against an illegal alien MS-13 gang member, one of the worst murderers they’ve seen in years, who murdered an innocent man and his two sons, and didn’t even remember he did it.(01:27:57)As California Attorney General, she redefined child sex trafficking, assault with a deadly weapon, and rape of an unconscious person as a non-violent crime.",16,-58,2.04958149721486,"real"
"turning point at glendale","Comrade Kamala Harris destroyed single-handedly, with some help from the worst governor in our nation, Gavin New-scum, both San Francisco and California itself. He’s a terrible governor. What a governor for years.(01:28:33)But you know, she might’ve picked a worse one. If you look at the numbers in Minnesota, we hope we’re going to win Minnesota. It hasn’t been once since 1972, Richard Nixon, but we’re doing well there, too, but the governor is horrible. You know what he did? He approved a bill to give tampons in every young man’s bathroom.",17,-5,2.96273147243853,"real"
"turning point at glendale","Right? Think of that. This is what we have. This is our vice president, our potential president: tampons in boys bathrooms. For years, Kamala Harris has pushed legislation to strip police officers of protection, trying to bankrupt them and ruin their lives for doing their jobs. No protection, no immunity, no nothing. She even endorsed Defund the Police.(01:29:32)I will never defund the police. I will only fund the police and fund them with plenty of money and pride. I will always back our law enforcement heroes in blue.(01:29:46)We are pleased to be joined tonight by the president of the Arizona Police Association, Justin Harris. Oh, no, he’s not a relation. Justin, are your relation? Last name is Harris, spelled the same. I’m very concerned about this. I’m not really. But Justin Harris is a great gentleman who has a special announcement. Justin, would you please come up? Thank you.(01:30:22)That’s an interesting… I’m not worried about it. Thank you. [inaudible 01:30:31].",18,6,2.33938608885478,"real"
"turning point at glendale","[inaudible 01:41:50].(01:41:51)Thank you very much. Wow, that’s a great endorsement, means a lot.",22,11,0.957427107756338,"real"
"turning point at glendale","So, just in closing, I want to say that from the moment we take back the White House from Kamala Harris and crooked Joe Biden, crooked as a four dollar bill… Used to say three dollar bill, now we say four dollar bill. I believe we’re going to have the four greatest years in the history of our country. Starting on day one, I will seal the border and stop the migrant invasion of our country. We will carry out the largest deportation operation in American history, larger even than President Dwight D. Eisenhower in the 1950s, who was a big believer in borders. We will defeat inflation, and we will make America affordable again, you’re going to have an affordable country again. We will make America the dominant energy producer in the world, by far, it won’t even be close.(01:43:01)Remember, as I always say, we have more liquid gold under our feet than any other country in the world, including Saudi Arabia, including Russia, and we will use it to reduce taxes and energy costs for our people. We will reduce your energy bills in one year by more than 50%, that’s here and that’s everywhere in the country. And that includes heating, air conditioning, electricity, and gasoline for your car. I will turn the United States into a manufacturing superpower, more than it has ever been, ever, ever, ever before. We will bring back jobs to America, we will no longer allow foreign countries to take our jobs and to steal our wealth, we will make our own products and we will buy far less from foreign countries that we are buying right now. We’re going to make it here.(01:44:02)Other countries that make us pay a tax to do business with them will be charged the same tax when they send their product into the United States, it’ll be called the Trump Reciprocal Trade Act. And if China or any other country charges us a 100% tax or tariff, then we will charge them a reciprocal tariff of 100 or 200%. In the words of a great president, William McKinley, the protective tariff policy of the Republicans has made the lives of our countrymen sweeter, brighter, brighter, brighter, brighter, and it’s the best our citizenship and our civilization can ever have, better destiny for our people, we ought to take care of our own nation, and we have to take care of our industries first. We have to take care of our country first. It’s about time, and it’s going to happen starting on January 20th of next year.(01:45:15)I will not let Mexico, China, or any other country sell cars into the United States to the detriment of our autoworkers all over our country, including in Michigan and South Carolina. United Auto Workers, you’re going to vote for Trump because I’m going to bring you back more auto production than you’ve ever seen in this country before. I will end the ridiculous electric vehicle mandate, cut every job-killing regulation of the Harris-Biden administration, and make our auto manufacturing business bigger, better, and stronger than it has ever been before. And if you relied on Kamala, there would be no auto industry, within three years you’ll never make another car. When I’m back in the White House, we will pass large tax cuts for our workers, and there will be, as I said, no tax on tips.(01:46:23)And that means if you’re a restaurant worker, a bartender, hospitality worker, caddy, barber, mover, driver, or anyone else who relies on tip income, your tips will be 100% yours to keep, you will no longer be harassed by your government. And I will fight for and protect your social security and your Medicare with no cuts and no changes in age. We’re not going to move it up, they want to move it up five years, we’re not doing it. “Darling, when do we get our social security?” ” Well, they just moved it up five years, you’re not going to happen with me, it’s going to happen with them, they’re going to destroy your social security.” And we will have no tax on social security benefits for seniors.(01:47:19)They destroyed our seniors and everyone else with their horrible inflation, and then they give you small dollars with social security and they want you to pay tax, I don’t know. We don’t need it, we can do it, we have so much else, including that liquid gold… Oh, we’re going to go hunting for liquid gold. We will cut wasteful and unnecessary spending, and we will terminate the green new scam and spend that money on roads, bridges, real infrastructure, and paying down debt. No fake infrastructure that has caused massive inflation, with no benefit whatsoever to our population. I will settle the war in Ukraine, and I will end the chaos in the Middle East, and we will restore peace through strike, and it will happen quickly. I will have that war ended before I go to the White House on January 28th, I will have the war in Ukraine ended as President-elect.(01:48:26)And we will end the weaponization of government against the American people, including myself, by the way. They’ve weaponized the government against the political opponent, can you imagine? But you just saw, we won the big case down in Florida, everyone said, “Ohhh…” They weaponized it, they got their justice department to go after their political opponent, but they’re not doing well. I’m the only one that ever happened to where my numbers went up, what do you think about that, Mr. Congressman? I don’t think it’s ever happened. They go after me and my numbers go up, somebody’s got to explain it. We will rebuild our cities, including Washington D.C., making them safe, clean, and beautiful once again, and we will keep the US dollar as the world’s reserve currency because right now it is under siege.(01:49:23)And this is how we will end the era of inflation, mayhem, and misery under Kamala and crooked Joe, and unleash safety, prosperity, peace for Americans of every race, religion, color, and creed. Together we will deliver low taxes, low regulations, low energy costs, low interest costs, low inflation. And that’s for everyone, we’re talking about everyone. We want to make sure everyone can afford groceries, a car, and a home. We will stop the invasion, end migrant crime, support our great police, strengthen our military, build a missile defense shield around our country, keep critical race theory and transgender insanity out of our schools, and we will keep men out of women’s sports.(01:50:26)We will defend the Second Amendment, and we are going to restore, those people don’t allow it, the fake news doesn’t allow it, we will restore free speech in our country, and we will secure our elections, Mr. Congressman. Everyone will prosper, every family will thrive, and every day will be filled with joy and opportunity, and hope. But for that to happen, we must defeat Kamala Harris, a new name. We must stop her country-destroying liberal agenda once and for all. We have to put an end to it. So, get your friends, get your family, register, volunteer, and get out to vote. We want a landslide that is too big to rig, too big to rigged. Right? Right, Deb?(01:51:24)On November 5th, we will save our country, we will save our economy, we will rescue our middle class, we will reclaim our sovereignty and restore our borders, we will put America first, and we will take back our country. And together we will make America powerful again. We will make America wealthy again. We will make America strong again. So strong. We will make America proud again. We will make America safe again. We will make America free again. And we will make America great again. God bless you all. God bless you. Thank you very much. Thank you Arizona. God bless you all.",23,22,2.06365061145385,"real"
"turning point at glendale","[inaudible 01:59:13].(01:59:17)… it means rule by the American people. Tonight, I’m very pleased to welcome a man who has been an incredible champion for so many of these values that we all share, and we’ve shared them for a long time. I don’t think too many of you people have heard of him. He’s very low-key, he’s a very low-key person, but he’s highly respected. He is a great person, I’ve known him for so long, for the past 16 months, Robert F. Kennedy Jr.",24,12,0.894427190999916,"real"
"turning point at glendale","[inaudible 02:00:36].(02:00:36)… values that we all share, and we’ve shared them for a long time. I don’t think too many of you people have heard of him. He’s very low-key, he’s a very low-key person, but he’s highly respected. He is a great [inaudible 02:01:01].(02:00:54)… and millions of people would destroy our country, but we’re going to get those people out, the people that came in here from jails and prisons and mental institutions. But they threw them out. They ran against each other for the primary and she never even made it to the first state, the great state of Iowa, never made it, and now she’s the one running. A little strange, isn’t it? You see, that’s really a threat to democracy if you get right down to it, right? In our movement, we know that democracy does not mean rule by the Democrat establishment, it means rule by the American people. Tonight, I’m very pleased to welcome a man who has been an incredible champion for so many of these values that we all share, and we’ve shared them for a long time. I don’t think too many of you people have heard of him. He’s very low-key, he’s a very low-key person, but he’s highly respected. He is a great person, I’ve known him for so long, for the past 16 months, Robert F. Kennedy. Jr.",25,6,2.17944947177034,"real"
"turning point at glendale","For the past 16 months Bobby has run an extraordinary campaign for president of the United States, I know, because he also went after me a couple of times, I didn’t like it. And I mean this sincerely, had he been allowed to enter the Democrat primary he would’ve easily beaten Joe Biden, but they wouldn’t let him in.",27,3,1.89296944860009,"real"
"turning point at glendale","They put up rules. I’ve never seen rules like he had to have 65% of the vote in order to run, little things like that.(02:04:10)His candidacy has inspired millions and millions of Americans, raised critical issues that have been too long ignored in this country, and brought together people from across the political spectrum in a positive campaign, grounded in the American values of his father, Robert Kennedy, a great man, and his uncle, President John F. Kennedy.(02:04:37)And I know that they are looking down right now and they are very, very proud of Bobby. I’m proud of Bobby. You want to know the truth?(02:04:52)And I don’t think I’ve ever introduced anyone that got applause like he just got. I must tell you, I don’t think it’s true. I don’t think I’ve ever introduced anybody that got applause like that.(02:05:18)Amazing. It’s true.(02:05:18)Amazing. Soon after I was, I can’t even believe I have to say this, nearly assassinated in Pennsylvania last month, Bobby called me to express his best wishes. He knows firsthand the risks incurred by leaders who stand up to the corrupt political establishment. When you stand up, you bring on some trouble for yourself, but you have to do what’s right. You have to do what’s right for the country. I will tell you, we are both in this to do what’s right for the country. That’s one thing I can tell you.(02:06:10)He lost his father and uncle in service to our country, and Bobby himself was subject to repeated threats to his safety during the course of his campaign, while being denied protection by the Harris-Biden administration.(02:06:25)And this is a tribute, in honor of Bobby, I am announcing tonight that upon my election, I will establish a new independent presidential commission on assassination attempts, and they will be tasked with releasing all of the remaining documents pertaining to the assassination of President John F. Kennedy. And they will also conduct a rigorous review of the attack last month. But I tell you, I have never had more people ask me, “Please, sir, release the documents on the Kennedy assassination,” and we’re going to do that.(02:07:27)And I also want to salute Bobby’s decades of work as an advocate for the health of our families and our children. Nobody’s done more.(02:07:37)Millions and millions of Americans who want clean air, clean water and a healthy nation have concerns about toxins in our environment and pesticides in our food. That’s why, today, I’m repeating my pledge to establish a panel of top experts working with Bobby to investigate what is causing the decades-long increase in chronic health problems and childhood diseases, including autoimmune disorders, autism, obesity, infertility, and many more. We want every child in America to grow up and to live a long and healthy life.(02:08:22)So I just want to ask Bobby to speak for a little while. I’ll stand aside. I’m going to stand aside. But I can only tell you, I’ve known him a long time. We’ve been a little bit on the opposite side of the equation. But I will say this, he is a brilliant… I still think of him as young, he’s not that young. I always call him young, but he’s not that young. But he is a phenomenal person, a phenomenal man who loves the people of this country as much as anybody can love the people of this country.(02:09:01)So, Bobby, please, say a few words. Thank you very much.",28,28,2.11903812628399,"real"
"turning point at glendale","Wow. That was something, huh? That was something. Fantastic guy. He did well. And the polls are good and all…",29,11,0.577350269189626,"real"
"phx at dream city","Wow. What a group. What a group. Thank you. Thank you very much. Wow. Hello, Phoenix. Hello, Phoenix. We love Phoenix. We’ve done well in Phoenix. I love this place. I even wore a special tie. Look. Because it represents the sun. It’s nice and shiny. And you got thousands of people outside that didn’t get in. So, I don’t know about… I don’t know if they’re going to be so thrilled.(00:44)But I’m thrilled to be back in beautiful Arizona with thousands and thousands of proud, hard-working American patriots, which is what you want. And I want to thank a special person, Charlie Kirk, for his tremendous leadership, as well as everyone at Turning Point Action for making this event possible. They’re really helping with the election and doing a phenomenal job. Yeah.(03:03)Also, we have a lot of real warriors here tonight. Thanks to certain members of Congress with us. Eli Crane, where’s Eli? Where is Eli? What happened to Eli? I just saw him back there. There he is. Eli’s doing a great job. A very non-controversial man. And he loves your state, and he loves our country, Andy Biggs. Andy. Thank you, Andy. Great guy. A woman I can’t believe she’s leaving Congress. She would have won by about 99%.(03:42)But she’s doing something very important. She’s going to Maricopa County Board of Supervisors. And she has my complete and total endorsement. One of the greatest people. She was just a warrior with impeachment hoax number one, impeachment hoax number two hoax because everything’s a hoax. These people are sick. But I just want to introduce a special woman, Debbie Lesko. Debbie. Debbie, ah, there you are.(04:13)Thank you, Debbie. Great job. That’s an important job. We got to get them on our side, Debbie. They’re Republicans, but they act like Democrats. We got to get them on our side. Another friend of mine, somebody that’s incredible, he’s tough, he’s strong, he loves you and he likes me a lot because he’s always fighting for me, Paul Gosar. Paul. Paul, thank you. You got a good location. Good. Thank you, Paul. Great guy. Great, wonderful patriot. All of them. They’re warriors.(04:46)And sometimes it’s not easy. I’ll tell you, but they are really something very special. A Congressional candidate who’s doing a really terrific job, his election was rigged the last time, I will tell you that. They don’t like… They say, “Oh, please. Don’t say that.” These elections, let me tell, if we could have honest elections in this country, I would have stopped campaigning two weeks ago. We would’ve had it made. But we don’t have that.(05:14)So, we’re watching it very carefully. And I’m working my ass off to make sure we get too big to rig. Too big. We want to be too big to rig. There gets to be a point where they can’t rig it. So, we have an expression, Charlie and I were just talking, it’s called too big to rig. Congressional candidate, Abe Hamadeh. Abe, thank you very much. And a friend of mine, and a really incredible woman, who’s worked very hard, and she had another one of those elections, the machines just happened to be broken.(05:52)Only the Republican machines, however. That was a strange situation. She had lines going back two miles. And I’m sorry, sir, you’ll have to come back about 12 o’clock in the evening. The machines happen to be broken. But she’s out there and she’s a warrior, I’ll tell you. And she’s a very fine person, and a great, great, she’s a great family person, and a great person who loves our country. You’re going to be your next senator. She’s got to be your next senator because she’s running against somebody who’s for open borders. Do you like open borders?",30,51,2.02532048745947,"real"
"phx at dream city","You got to elect Kari Lake. She’s going to be fantastic. Kari Lake. Kari. Thank you, Kari. She’s incredible. She’s going to do a good job. The campaign is just beginning. And on this day we remember and thank the immortal heroes of D-Day who landed at Normandy 80 years ago. 80 years. I spoke to some of them today actually. They’re the hearts and they’re in our hearts of this country. They really are. They’re the heart of the country, these great people. Greatest generation. Thank you very much. That’s true.(07:14)And it’s really tremendous we talk about great people. These are great people right before me. And I appreciate you being here, especially in these numbers, these throngs. But we have a job to do. We have to make American great again. We’re going to do it. We’re going to do it better than ever. And we are going to do it better than ever before. We had the best economy. We had the best border. We had the best of everything. And now we got to do it all over again. We’re going to do it even better. I just went through a rigged trial in New York.",32,27,1.21543108701099,"real"
"phx at dream city","With a highly conflicted, and I mean highly conflicted judge, where there was no crime.",33,-4,1.4142135623731,"real"
"phx at dream city","It was made up, fabricated stuff. They didn’t want to bring the case. They could’ve brought the case seven years ago. It’s only when you run for office they bring cases. But they would’ve done that seven years ago, then not in the middle of my presidential campaign where we’re beating Biden, by the way, by a lot. Did you see? And by the way, right after the announcement of this, more campaign funds were given to this campaign than any campaign they think in history. Almost 400 million dollars. 400.(08:28)No, but it’s never been, nobody’s even seen because they know it was rigged. They know it’s a corrupt system. They know all about it. But with your help, less than five months from now, and we’re going, and I’ll tell you what, we have to change the system. We have to straighten out what’s going on in these courts. We got a rigged deal going, this whole country. And we’ve got to do it. And those appellate courts have to step up and straighten things out, or we’re not going to have a country any longer.(09:33)But we’re going to win the great state of Arizona. And we’re going to tell crooked Joe Biden, “You’re fired. You’re doing a lousy job, the worst job. The worst president in history. Joe, you’re fired.” How did he do today? Does anybody have a report?",34,2,2.38630351054606,"real"
"phx at dream city","In a few moments, I will be taking questions. I’m going to be taking questions. So, I don’t know. I’m not like Joe. Tell me who’s going to have… You ever see that? He’s got a press conference that lasts for about two minutes. And he goes like this, he’s reading a card, “NBC, Jim. Jim.” And then they ask him a question, and he picks up the same paper and he reads the answer. They never did that with me. No. We’re going to have people asking questions. Whatever they ask is okay. Is anybody going to be watching the debate with this character?(10:18)They offered me this debate. And they thought I wouldn’t take it because it’s on CNN. It’s fake Tapper. Does anyone know him, fake Tapper? They wanted it to be sitting down, seated, and zero audience.",35,-2,2.51661147842358,"real"
"phx at dream city","And they want it to be short also, very short. And I said, “I’ll take it. I’ll take it.” Because you know what? They thought I wouldn’t take it, being on CNN. And Dana Bash is very tough to Trump. Dana Bash, another beauty. So, I have Dana Bash and fake Tapper. And they thought, “Here’s what we’ll do. We’ll offer him the worst thing that could be offered. These two anchors, Dana Bash, fake Tapper. CNN, no audience, nobody.”",36,-6,1.91485421551268,"real"
"phx at dream city","“Your children, your wife, nobody can be there.” Oh, that’s going to be interesting for him though.",37,2,NA,"real"
"phx at dream city","And they want you sitting down. So, I said, “I’ll take it.” They thought what was going to happen is that I’d say, “I won’t do it.” And then they’ll say, “Trump doesn’t want to debate.” I want to debate. We should have many debates, frankly.",39,1,NA,"real"
"phx at dream city","We have to find out why they like open borders where people pour in from… Right, Paul? Why do they… Who could like an open border? More importantly, why do they want… We’re the party of common sense. As an example, it’s big stuff. It’s bigger than people think. Why would anybody want to have men play in women sports? Why? Why?",40,4,0.577350269189626,"real"
"phx at dream city","Did you see the records that are being set in weight lifting? These are records that are not going to be beaten any time soon. Maybe in 1,000 years from now. But they’re being in swimming, and running. And it’s so unfair. And so horrible. Really, so demeaning to women. Who would want this? I mean, who would want it? We are the party, and we’re conservative, all that stuff. But you know what? More importantly, more importantly, we’re the party of common sense.(12:22)We want strong borders. We want a powerful military. We don’t want wars. We want to have great education for our children. We want to have low interest rates. And we were energy independent just three-and-a-half years ago. And today, we’re saying to Venezuela, “We need your energy. Please help us.” It’s so sad. It’s so pathetic. We’re going to lower your energy costs by 50% within one year. We’re going to drill, baby, drill. We’re going to get those prices way down.(12:45)But first, I want to talk to you about crooked Joe’s and his criminal obliteration of our Southern border. You people know better than just about anybody about the Southern border because they are pouring through your state at levels nobody’s ever seen before.",41,0,2.18385685639668,"real"
"phx at dream city","Two days ago, Joe Biden signed an executive order to officially declare his formally approval and support for the largest border invasion in the history of the world. So, this has been the largest invasion in history. We are being invaded. This is not people coming in.",42,4,0,"real"
"phx at dream city","These are people coming in totally unchecked, unvetted. They’re pouring into our country. Far from closing the border, Joe Biden’s order. This is his new order. So, he’s getting killed in the polls. People say that, “Look, this is really bad what’s happening on the border.” So, they come up with something that’s fake. Just like everything else they do. It’s all fake.",43,-7,2.5,"real"
"phx at dream city","The impeachment’s a fake. The court cases are a disgrace to our country.",44,-5,0.707106781186548,"real"
"phx at dream city","Everything is fake. So, they come up with this order. I won’t say it because I don’t like using the word bullshit in front of these beautiful children. So, I won’t say it. I will not say it. But this thing allows millions of people.",45,-2,3.51188458428425,"real"
"phx at dream city","This allows millions of people into our country. Joe Biden’s order is pro-invasion, pro-child trafficking, pro-women trafficking, pro-human trafficking, pro-drug dealers. And in all, it’s really they bring death and they bring destruction into our country. It’s really pro-illegal immigration. It’s great for illegal immigration. It doesn’t do anything. It makes it worse than what you have right now.(14:50)By the way, if he wanted to close the border, I didn’t have to go to Congress. I had the best border we’ve ever had. I had the most secure border we’ve ever had. When I ran in 2016, I ran largely on the border. Border was really bad. I fixed it. And when I ran in 2020, I said, “I want to talk about the border.” And all my genius’ said, “Nobody wants to hear it, sir. Nobody wants to hear about the border.” I said, “Well, let’s talk about that nobody did though because I fixed it.”(15:17)It was so good we couldn’t talk about it. It’s pretty bad when you do such a good job that you can’t talk about it. But they said, “Don’t talk about it.” And they were right. Nobody cared about it because I fixed it. The problem is this border is, I say, 100 times worse than it was in 2016. 2016 was beautiful by comparison. But we’ll fix it again. And we’ll make it right because we’re not going to have a country.(15:43)Without borders, you don’t have a country. Biden’s action this week establishes a annual minimum of approximately two million illegal alien border crosses. In other words, he thinks he’s getting tough. He’s only going to allow two to three million people into our country.",46,1,2.5858873113137,"real"
"phx at dream city","Not including the millions that will continue to pour through as got-aways. You know a got-away? Those are unreported people. They got away. It’s called they got away. It’s a good name.",48,3,NA,"real"
"phx at dream city","They walk into our country, nobody knows they’re here. That’s not even including that Joe Biden is the worst president in the history of the United States by far.",49,-2,2.82842712474619,"real"
"phx at dream city","He is destroying our country. The only good thing, Jimmy Carter’s a nice man. Do we agree? Jimmy Carter is a brilliant president. Jimmy Carter is a brilliant president by comparison. His administration by comparison is brilliant. So, as an older man, not feeling great. And he’s a nice person. I know him a little bit. Nice person. But Jimmy Carter’s happy now because he says that his administration is brilliant compared to Joe Biden.(16:57)Joe Biden is the worst president in history. We have to win on November 5th, which will be the most important day in the history of our country. I’m telling you. It will be. I used to say in 2016 I’d say that not with the same conviction. But I felt in 2016 and 2020, I didn’t have to say we had a country that was just amazing. We had the greatest economy in history during that short period of time. We had the greatest in history, the greatest jobs, greatest tax cuts. Maybe the biggest tax cuts in history, biggest regulation cuts.(17:35)Everything was good. But I’m telling you that this election coming up on November 5th, 2024 is going to go down as the most important day. Because if we don’t win, it’s we, it’s all of us, it’s millions of people, if we don’t win, this country is finished. I really believe that. I think it’s finished. In addition, crooked Joe’s action dramatically expands the Biden migrant smartphone app. Do you believe this? He’s talking about a smartphone. He has no idea what a smartphone is.(18:07)That allows illegal aliens to gain free entry to be released into the United States at the push of a button. Pretty hard. You go like this, “Ding. I’m here.” Welcome to America. Biden’s order is not a border security plan. It’s a concession to the fact that he has lost control over our border. He’s totally lost control over the border. And it’s a really dangerous place. He’s conceding death. And he’s conceding defeat at the border.(18:39)On day one of my administration, I will be rescinding crooked Joe’s outrageous executive order. And I will be slamming the door shut on the Biden migrant app. And I will terminate every single open border’s policy of the Biden Administration as soon as I take the oath of office. It’ll take place on the exact same day.",50,24,2.33106116475869,"real"
"phx at dream city","It’s going to be on the same day that we take together, we all take the oath of office. Okay? The result of Biden’s action this week will be more innocent Americans killed by illegal alien criminals. More children trafficked and sold into slavery. And millions more illegal aliens pouring into our country. And many will come through a very beautiful place known as Arizona, right? Arizona. And I’ll tell you, it’s so sad to see what’s happened here, right?(19:41)Some said, “Do you remember you had your sheriff, Sheriff Joe?” Yeah. Where is he? Is he here? I used to love that guy. Where is Sheriff Joe? Hey, Joe. Come up here. Come on. Get up here, Joe. Sheriff Joe. No games. There were no games. There were no games being played with Sheriff Joe. I didn’t know he was here. Come here, Joe. I don’t kiss men. But I kissed him. We had a real border with this guy. People said he was too tough. Now they’re saying, “Where is Sheriff Joe?” He’s 170 years old. But we want him back. Joe, say something.",52,-5,2.50454132981017,"real"
"phx at dream city","Thank you, Joe. Thank you. Grab that rambling, Joe. You did perfect. You don’t want to pull a Biden. Thank you. This guy did some job on the border. He wasn’t appreciated, actually, and now he’s appreciated because you understand what he did. He did an amazing job, and a good man, great wife. He had a great wife, actually, and thank you very much. I didn’t know you were here, Joe, actually. I’m glad you were. If Joe Biden truly wanted to sign an executive order to stop the invasion, he only needs … think about it … a single sentence. And he would say, “I hereby immediately reinstate every single border policy of a gentleman named Donald J. Trump.”(24:25)Less than four years ago, I handed Joe Biden the strongest, most secure border in U.S. history. We built 157 miles and some people say 571 miles. We added 157. We were ready to get it up. It was going to go up to 200 and they didn’t want to put it up. But we built 571 miles of wall. We were going to add over 200. They ended up selling it. It was all made. All we had to do was flip it up. It was going to go up very quickly. Then we had a horrible thing happen during the election. You know better than us. And they ended up selling it for five cents on the dollar. Very expensive stuff.(25:12)Just with the border patrol spent. They wanted steel, they wanted concrete, they wanted rebar. They wanted 7,000 pound concrete. They wanted hardened steel, very good stuff. And they wanted the panel on top that was called an anti-climb panel. They never liked it visually, but they said, ” It does work. We checked it.” The same guys, we hired mountain climbers. Could you believe from Mount Everest? That’s pretty good. And they couldn’t get up when you had the anti-climb panel. I’m giving you this little trivia effects. The panel on top. They hated it because they said, “It doesn’t look good.”(25:47)But then when they found out they couldn’t climb with the panel, without the panel they had no problem. I said, “Let’s put the panel in. It looks just fine.” But we ended all of the catch-and-release. We shut down asylum for them. Remained in Mexico, Safe Third Agreements in title, and we brought illegal immigration to the lowest level on record under the Trump administration. If you cross our border illegally and you got caught, we send you back to the place from which you came.(26:14)And they weren’t allowed to do that with Obama and Biden. When I first came in, I said, “You got to get them on MS-13.” We took out thousands of MS-13 criminals, we sent them back to their place. We had plenty of them here. We got them all out. But I was told, “Sir, you’re not going to be able to do that.” “Why?” “Because Honduras, and El Salvador and some of the other countries, they wouldn’t take them back under any circumstances. They wouldn’t take them back.”(26:50)I said, “What do you mean?” “We put them in buses, they block the roads. We put them in planes, they put big planes on the runways so they couldn’t land. They won’t take them back.” “How long has that been going on for?” “10 years, 12 years. It’s been going on for a long time.” I said, “How much money do we pay those countries?” “Sir, we give them 750 million a year for economic development.” “Okay, you do 750? Okay. As of effective immediately, inform them they’re not getting the 750 million.”(27:18)That was in the evening. That was on a Thursday evening. On Friday morning here, like, early 7:30 in the morning I got almost simultaneously three calls, not coordinated, separate calls from the heads of the three countries. And I said, “What’s up?” “Sir, we understand that you’re upset about something. Please, there must be a misunderstanding.” I said, “You won’t take the criminals that you send over in caravans.” And they have a lot to do with it. They put the people that they don’t want in those caravans. “You won’t take those criminals back, then you’re not getting any more money from the United States at all.”(28:01)“Sir, there must be a misunderstanding. We would be honored to take back MS-13 caravans.” And we started sending them back by the thousands, by the [inaudible 00:28:13]. When crooked Joe Biden got in, and he took the most secure border in U.S. history, and he quickly turned it into the worst border nightmare. I believe in the history of the world, there’s never been a border where they allow 18 million people, and I think that’s the real number as of now. 18 million people in April. Border crossings were up one thousand percent compared to the same month last year, one thousand percent compared to last year.(28:48)And by the way, last year it was a thousand percent compared to the … there’s never been anything … a guy like Sheriff Joe must be going crazy when he hears this. If one person got in, he’d go wild. One person. How do you feel about tens of thousands? How do you feel about millions of people? Millions of people in total. Crooked Joe Biden has imported more illegal aliens than the populations of 40 out of our 50 states. And soon that’s going to be a much higher number. It could even almost top … I think it’s going to end up topping the … I’ll tell you why.(29:26)If this guy got reelected, the country is finished, your border is finished. You won’t have … We won’t have a country anymore. It’ll be a disaster just on this one issue. And we’re not talking about nuclear proliferation. We’re not talking about all the other issues that he has no idea what the hell he’s talking about. If you think about it, Ukraine being attacked by Russia would have never happened. It would have never happened. Just wouldn’t have happened for a lot of reasons, including the fact that energy was [inaudible 00:29:59] and Russia makes its money with energy, basically.(30:00)But it would have never happened, would have never done. It wouldn’t have happened, and it never did. People say, “Well, how does he know?” Because for four years it never did. And watch China and Taiwan. Watch what’s going on with that. Another thing, Israel would have never been attacked, ever, never, ever, ever. Iran was broke, Iran was broke. They didn’t have the [inaudible 00:30:26] Hamas. Iran was broke. Israel would have never been attacked.(30:27)And you know what else? I could say 30 different things, but just to add one more, you wouldn’t have had any inflation. We would have had no inflation for sure. And now you’re suffering with numbers that nobody’s ever seen before, and it’s all unsustainable. But the Biden invasion is no accident. It’s a deliberate demolition of our sovereignty and of our borders. Somehow somebody’s going to explain to us why they would want this to happen. I guess it’s probably votes. They probably think these people are going to be voting.(31:01)And interestingly, I don’t know if you … it just came across the wires, I’m leading now with Hispanic voters. [inaudible 00:31:22]. He stopped the completion of that wall. He instituted catch-and-release across the entire Southern border, and he releases them in our country. I had catch-and-release too. You know what my catch-and-release was? I released them in Mexico. How about they remain in Mexico? I started something that we never had before. Remain in Mexico, and remain in Mexico.(31:48)You had to see Tijuana. It’s probably the fastest growing city in the history of the world. They couldn’t come into our country until we checked them out, and most of them didn’t check out. He knowingly ripped up the remain-in-Mexico policy, which was not easy to get. When you go to Mexico, you say, “Listen, we want to have hundreds of thousands, even millions of people standing by the border on your side. They’re not allowed.” Do you think that was an easy thing to get? And I got it, and I got 28,000 soldiers free of charge from Mexico.(32:19)And I said, “You’re not going to give … we’re going to charge you a nice, big, beautiful fat tariff of 25%, 50%. It’ll go up to a hundred percent.” And they said, “We would be delighted to give you 28,000 soldiers.” And now, last week I heard they want to charge the United States billions of dollars, billions, just for the privilege of sitting down with them and negotiating. Can you imagine? They wouldn’t be doing that with us. We willfully … think of it. He terminated my Safe Third Agreements. It’s a big deal. Safe Third is a big deal.(33:01)He rescinded Title 42. People are allowed into our country that are very sick with disease that can be easily spread, and they’re allowed into our country. It’s a big problem too. You see that. He threw open the gates to millions of fighting-age males from all over the planet. You saw that 29,000 people from China, every one of them looks like he’s ready for the military. I said, “Are we crazy or … What the hell are we doing to our country?” This guy is so incompetent, he’s so bad. And the only chance they have is all of this weaponization stuff. They’re going after everybody.(33:39)If they focused the same energy on Making America Great Again, I probably wouldn’t have even run. I ran because I saw such stupidity. And I won because you all admit it. The very first bill that crooked Joe sent to Congress was a plan to give mass amnesty to millions and millions of illegal aliens. Even if we don’t know anything about them, and they take care of them, but they don’t take care of our vets. I had a 92% approval rating with our vets. If Joe Biden wins this election, he wants to turn every single illegal alien that he led in across the borders into a voting citizen.(34:31)I believe that’s the only reason this is happening, because nobody could want to … There’s no other reason that this is a good thing. And for that … You know, it’s interesting. They cheat so much, they don’t really need that. That’s the way I look at it. So, I almost don’t even think that’s the reason, but it probably is.(34:45)By contrast, I want to send Joe Biden’s illegal aliens back home where they belong. Because quite simply, Joe Biden wants an invasion. I want a deportation. [inaudible 00:34:51]. There’s Mr. Walden. Stand up for the next one. I love that. By day. He’s a CPA who does very well. I get the [inaudible 00:35:28]. He’s been to about 200 rallies, I think. Right? Pretty close. That’s great. That’s good.(34:50)On day one, I will seal the border, I will stop the invasion and we will begin the largest domestic deportation operation. Under crooked Joe Biden, the world is emptying out their prisons, and state asylums and mental institutions. It’s emptying out all of these places at levels that nobody’s ever seen, and sending us the most vicious criminals, savage gang members, sadistic cartels pouring into our country. It’s loaded up with horrible, horrible criminals. And they’re pouring into our country in levels never seen before. We’ve never seen anything like this before.(36:29)And it’s only going to get worse. Do you see what’s going on in New York where they’re fighting, they’re having fistfights with policemen in the middle of the streets, fistfights? I’ve seen people get shot. I’ve seen fistfights. Those are long term and it’s horrible. Nobody’s ever seen … and in their country, they’d be executed immediately if they did. They know that. But it’s taken them a little while to get acclimated. You’re going to have migrant crime added to regular crime at levels that nobody has ever seen before anywhere in the world. That’s what’s happening.(37:04)And I have to say, Arizona’s being turned into a dumping ground for the dungeons of the Third World. They’re all coming in. In Venezuela, crime … Think of this. Venezuela. Next time we’ll meet in Venezuela, it will be safer. In Venezuela crime is down 72% because they’ve taken their criminals from Caracas and all of these different places, and they’ve dumped them in the United States. They’re emptying out the jails all over the country. All over our country, we’re being affected and affected badly.(37:40)And all over the world, if you look, the jail populations are at the lowest levels they’ve maybe ever been at. They’re at levels that nobody’s seen for 25, 30 years. And also mental institutions, they’re taking people out. Very, very sick people. And they’re dumping them into the United States. Congratulations, by the way. They’re dumping them into the United States of America. The mental institutions throughout the world, and I’m not talking about South America, I’m talking about in Africa, the Congo.(38:12)They’re letting their prisoners from the Congo, rough guys, come into the United States. Congratulations. They’re letting people come in from Asia. They’re letting people come in from all over the world. The Middle East, they’re coming in from Yemen, they’re coming in from all over. They’re coming in by the millions and they’re coming in from the prisons and the mental institutions. And can you imagine the money they’re saving? And can you imagine how much nicer it is?(38:39)But Venezuela, the crime is down 72% because they don’t have their criminals. They’re taking their gang members in a rough fashion and they’re busing them into our country. And there may be … is there any criminal from Venezuela in the room? Please raise your hand. There probably is, we just don’t know about it. No, but think how bad that is. And I’d do it. If I were the head of these countries, Honduras, El Salvador, I would do it in a heartbeat. Anybody. It is all over the world we’re talking about.(39:13)I have to say, I would be the first one that would have done it. And I wouldn’t be having 50% jail populations. I’d be down to zero. They’d all be in the United States of America getting money for all of the different things that they get. They get cell phones, they get hospitalization, they get education. Even though they can’t speak a word of English, they’re taking the seats of people and the instructors don’t get English, and they have somebody speaking in some cases, languages that we’ve never even heard of.(39:43)There are a lot of languages that we don’t have here. We have nobody that even speaks these languages. And they’re sitting down in a school, taking a student’s place that might be a hard-working good citizen, the child of citizens. And they’re taking their place. Our country is going to hell. And we’re going to stop it. We’re going to stop it. Two great officers of the New York Police Department … these are great people, by the way, the New York’s finest. And they are fine. They are fine people. They’re great people, were shot in Queens, New York, by a migrant who crooked Joe released it into our country.(40:34)This monster infiltrated from Venezuela and was quickly given administrative amnesty by Joe Biden. Got amnesty along with a taxpayer-funded hotel room, which is a very nice room, by the way. Very curious. While he engaged in multiple suspected robberies before shooting two of our finest people, of New York’s finest people. In Palm Beach County, Florida, last month, an illegal alien criminal, who Joe Biden released into the United States, was charged for kidnapping an eleven-year-old girl from her front yard and sexually assaulting her in the back of a van.(41:15)And, of course, there was this horrific case of Laken Riley, who was incredible. I met the parents, maybe … the young nursing student, beautiful person, beautiful top of her class, from Georgia, who was savagely beaten and murdered by a bloodthirsty Biden migrant allowed in through Biden. After crooked Joe set him loose into our country, then they set him loose right into our country. Instead of apologizing to Laken Riley’s family, Joe Biden apologized to her killer for calling him illegal. Do you remember that? “Oh, I’m so sorry. Oh, I’m so sorry. I called him illegal.”(41:57)He actually apologized. He apologized to this guy. And remember when Biden could not even pronounce Laken’s name correctly in probably the worst State of the Union anyone’s ever heard.",55,-10,2.20844360997242,"real"
"phx at dream city","Under the Trump administration, we will not be apologizing to illegal alien criminals. We will be holding down [inaudible 00:42:23]. With his actions on the border, Joe Biden is the ringleader of one of the most vile criminal conspiracies of all time. Aiding and abetting human traffickers, child smugglers and terrorists. That’s what he’s doing. They have no fear. They know nobody’s going after them. They can do whatever they want. And that goes with drugs. More drugs are coming into our country right now than at any time in our history, times five or times six.(42:49)We’ve never had massive amounts of drugs pouring into our country. We fought it like hell. We were fighting. And by the way, you’ll never solve the problem without the death penalty. When I was in China, I was with President Xi, 1.4 million people, strong guy. And we got along well until COVID. I said, “The hell with it. It wasn’t …” What they unleashed on the world was incredible. But we got along well. And he was going to stop the fentanyl coming into the United States.(43:27)But I said to him, “Do you have a …” At the first meeting, a little naive question, but not so bad. “Do you have a drug problem?” “No, no, no. We do not have a drug problem. No.” “You don’t you have any?” “No, we have no drug problem.” “Why?” “Swift trial.” I said, “What is swift trial? Swift trial. What swift trial is, they catch the drug dealer and they give him a swift trial, meaning a very fast trial. At the end of the trial, if he’s guilty, they execute him.(43:57)Every drug dealer, every drug dealer in China said, “Let’s get the hell out of here. Let’s go to the United States where you don’t even get a slap on the wrist.” Right? And I don’t know that our country’s ready for it. And I’ll be honest with you, if you really knew the stats, a drug dealer on an average during that drug dealer’s life will kill approximately 500 people. Do you know that at all? 500 people will die. Families, family members, children, young children, girls, boys, parents sometimes too. 500 people on average. And when you hear that, it doesn’t sound so severe.(44:41)We’d set up blue ribbon committees at the White House. We’d get socialites from New York, even socialites from Arizona. They’d sit around the table, they’d talk about it for five minutes, and then they’d start talking about what restaurant they’re going out to dinner. This is not … these people are really tough and they’re smart. The cartel people, they run these things like the best corporations in the country. They say they run more efficiently. They know how to do it. They’re horrible people. They’re killing hundreds of thousands of Americans each year.(45:12)And when I mention it, and I do it, I do it purposely, I mention the death penalty. And without it, you’re never going to solve the problem. If you look at Singapore, if you look at other … The only countries essentially that don’t have a problem are people with either really strong crime prevention or countries with the death penalty. And Singapore is another one. They don’t even know what you’re talking about when you say you have a drug problem. “Do you have a drug problem?” “No. My God, why would we have a drug problem?”(45:47)We have an unbelievable drug problem. We lost last year, in my opinion, 300,000 people. That’s bigger than a war. That’s bigger than a war. And so many times they’re young people, and so many times it was a mistake. They",56,-44,1.99031267337952,"real"
"phx at dream city","… thought they were taking something else. If you take the head of a pin and put something, a little fentanyl, on the head, if it’s a little bit larger than the head of a pin, you’re dead. You have no chance. And this is pouring in from China, and I had a deal with President Xi, he was going to give the death penalty to anybody manufacturing fentanyl in China and selling it to the United States. But then when the election was rigged and didn’t turn out right, he didn’t have to do anything. And this group definitely didn’t want to pursue that. But we had a deal. They weren’t going to be sending the fentanyl into us any more.(46:34)But we have to do something with Mexico. 300,000 people are dying a year. Those are the real numbers. They like to say 100. They like to say 90. It’s been that number for a long time. It’s 300,000 people, and it’s probably more than that, and we’re going to have to take very strong action because we can’t let that happen. That’s like being in a war. You take a look at the Civil War, you take a look at wars that we’ve had, where the numbers are not so much more than that. Double for the Civil War. That was a war within our country. And you take a look at this, we cannot let this stand any longer. We cannot take it from China, from Mexico, from anywhere else. We have to clean out the problem.(47:14)And the people that do it, the tougher they are, the less of a problem they have. It’s actually a very simple solution. In addition to all of the Biden migrant crimes stealing innocent American lives, Crooked Joe is also responsible for more women and children being sold into slavery than anyone else in modern history, because we are so weak on the borders now. We were so strong. This guy goes to the beach all the time. You ever watch him in a bathing suit? Somebody told him he looks good. Oh, Joe, you look great in a bathing suit. You’re 83 years old, you look fantastic. He can’t lift the chair. The chair weighs about three… You know those chairs, aluminum. Hollowed aluminum. They weigh like… They’re built for old people to lift and for children to lift. He can’t lift.(48:05)Well, today he couldn’t get up, right? That was not good. What the hell happened to him today? It’s always an adventure. He falls out of airplanes, he falls out of helicopters. What the hell is going on? But because of Biden’s policies, millions and millions of children have been separated from their families and pushed into the hands of the coyotes and the cartels. And 88,000, I don’t know if you… If it were me, it would be the biggest story. 88,000 children are missing. You know that. Think of that. 88,000 children are missing under this administration, and they have no idea. And unfortunately, many of those children are dead, just like many of the hostages held by Hamas are dead when they can’t make a deal. You know when they can’t make a deal, that’s a big problem. And they’re finding out that a lot of them are gone, a lot of these people are gone right now.(49:07)But there’s the thing. Again, it never would’ve happened. October 7th, Israel, the attack on Israel would’ve never, ever happened under the Trump presidency. When I’m President, I will use Title 42 to end the… And we have to do this, to end the child trafficking crisis by returning all trafficked children to their families in their home countries, and we will do it immediately. Have to do it. We will save countless women and children from slavery and servitude. You know, when you talk about all of the people that are essentially kidnapped, it’s another word for it, most of them are actually women. Most of them, they put them in trunks of cars. They have cells built in cars. They close… It’s 100 degrees out, it’s 115 degrees out. They put women into that to try and sneak them across the border. And they can do it very easily, because the borders… We have an open border into our country. But most of those people are… Just think of yourself, think of your family. Most of them are women.(50:14)The Biden border invasion is also an all-out war on the working class minorities of our country, and it’s a flat-out economic warfare on African American and Hispanic American families and workers. These people are taking the jobs of African Americans, they’re taking the jobs of Hispanic Americans, and they’re tremendously affected. And you know who else is affected is unions. Unions are being absolutely slaughtered, because people are coming in and they’re taking those union jobs. And I think you’re going to see unions start to speak up pretty soon.(50:47)The illegal immigration is hurting Black and Hispanic families more than anyone else. In less than four years, Joe Biden has imported millions of low wage migrants and given them welfare, free healthcare, and work permits to undercut American wages. People with jobs, that have had it for a long time, are being fired all over our country. Now, real income for African Americans is down more than 6% under Crooked Joe Biden. Think of it. So that’s the African Americans are being… And it’s one of the reasons… By the way, have you seen the polls? Okay. The polls for African Americans are loving Trump, because they’re seeing what’s happening. And criminal justice reform, and I funded the colleges, and Black colleges and universities. Nobody else did that. Nobody else even thought of it. And what we’re doing is we’re getting tremendous numbers. Numbers that nobody I don’t think anybody’s seen before, of African Americans coming over to vote for us, and we need those votes, because we have to turn this country around.(51:51)Simultaneously, illegal immigration is causing rent and housing costs to skyrocket, absolutely skyrocket, because we have 15 million new migrants. We have no place to put them. We have no place to put them. And that number is building so… We have absolutely no place. In everything that he does, Joe Biden puts illegal aliens first. He puts the cartels first. He puts the open borders, these lunatics first. And he betrays the American citizens. He’s betraying the American citizens. Again, I say it all the time, he’s the single worst president in the history of our country. You know, until I got indicted… I got indicted, four times. Can you believe it? I never spoke… I spoke, I’m a politician, I guess. I can’t stand the name, but I’m a politician, I guess. I ran. I won. The only thing I did wrong was I beat somebody that I wasn’t supposed to beat. We won the election in 2016. And then in 2020, as we all know, I did much better than I did in 2016. We got millions of more votes, but a lot of bad things happened. They used COVID to cheat, et cetera, et cetera. We’re not going to let that happen again.(53:10)But as your president, I will put African Americans first, Hispanic Americans first, Asian Americans first, women first, men first, people with the powers from the top schools first, people without a diploma [inaudible 00:53:26]. But basically I’ll put all Americans first. I’m going to put them first because my loyalty is to American people. And starting on day one, I will shift the massive portions of federal law enforcement to immigration enforcement, including parts of the DEA, ATF, FBI, and DHS, if you know what that all is. I will deploy the US Navy to oppose a full blockade, like I had on the cartels, because when the land gets tough to get across, they swing it out with the boats. And we will stop that, we already did, and deny them access to the waterways of our region. We will put the cartels out of business.(54:07)And I will make clear to every federal department and agency that we must use any and all resources to stop this invasion of our country, including moving thousands of troops if necessarily, currently stationed overseas, to our own borders. We protect other countries, but we don’t protect our own country. Before we defend the borders of foreign countries, we will secure the border of our country. I think that makes sense.(54:34)But first, and most importantly, because without this, it’s only going to go bad, we have to win this November. We have to win. Now remember, it starts in mid-September. It’s early voting, mid-September. North Carolina goes early, Pennsylvania goes very early. September 22nd in Pennsylvania. So it’s really long before the November 5th date, but we use the November 5th, because that’s the day that we will have a chance like we did years ago. We turned our country around. We made America great again. In fact, I couldn’t use that slogan. I wasn’t going to use that slogan in 2020, because America became great again. We were respected all over the world. And now I can use that slogan, because our country is a failed… We’re a failed nation. We need a victory that’s too big to right. You know what that means. We need everybody to get out and vote.",57,-12,2.30977594910522,"real"
"phx at dream city","Thank you. You know, it’s interesting. We talk about Second Amendment. I’m the one, I just got recently the endorsement of the NRA, which I appreciate, very strong. Very strong. But I was talking to them, and gun owners, for whatever reason, don’t vote. They really don’t vote. Vote in very, very low numbers. The gun owners have to get… Also, evangelicals and Christians don’t vote like they should. If they would vote, we couldn’t lose this. Nobody that could beat us. So we have to get the evangelicals, we have to get the gun owners, we have to get these people to vote. And if they vote, nobody can beat us. And if they don’t vote, they’re going to take away your guns, because the Second Amendment is totally under siege. They’ll take away your guns. You’re not going to have protection, and other reasons that you want guns.(56:51)So the gun owners have to vote. The Christians. The evangelicals have to go out, they have to vote. So I’m asking everybody to go out, and we have to swamp… You know the word swamp? I fired Comey. I fired a lot of people. I fired a lot of people. We were doing a job. But this is a different swamp. We have to go to swampthevoteusa.com. Swampthevoteusa… It’s a different version of the word swamp. I never liked the word swamp, and then I said it one time at a big arena. The place went wild. I said, I sort of like it. I sort of like it. Frank Sinatra told me he never liked singing My Way, except everybody liked it so much, and then all of a sudden he liked it the best. So we like the word swamp, because it’s meant so much, but we have to… Swampthevoteusa.com. That’s where you go to get the information to request your ballot or pledge to vote early in person, or even on election day.(57:52)The main thing, you’ve got to vote, and you got to sort of watch your vote because these are crooked people. You got to watch your vote. Watch where it’s going. And if you want to volunteer to help us turn out or target voters in your neighborhood, we have a lot of people that want to vote for us, but they don’t vote. We got to get them to vote. We need trumpforce47.com. Trumpforce47.com. And with your vote, we will end Joe Biden’s border nightmare. We will fire his failed and weak, horrible, the worst ever administration. We will rescue the state of Arizona. We will make America great again. We will make it great again, greater than ever before.(58:44)And now we’re going to do something a little different. You think Biden does this? If they ask him one question, he just leaves. They ask him one question. No, we’re going to take some questions. We don’t do this often, because it gets a little bit sloppy, I must say. But they look like nice people. But whatever question you’d like to ask, it can be a horrible, embarrassing, vicious question, or it could be quite nice. I don’t care personally, because it’s called we answer… You ask a question, we answer the question. Yes, darling, please.",58,16,2.06251503121026,"real"
"phx at dream city","Thank you, darling. Very good question. It’s a very basic question. It’s a little bit what we’ve been talking about, but it’s going to be at a level that we have never seen in this country. Even as good as I did, I created the safest border in history, we’re going to make it so good. All Biden had to do is let the people stay there, keep the same policies. We wouldn’t even be talking about this as an issue. And I think in a certain way, it’s just one of the truly big issues. We’re going to make our border very powerful, very strong. We’re going to stop drugs from coming in. We’re going to stop this whole thing with human trafficking, which is a big part of your question, and we’re going to make your homeland safe for you to stay with your family, where thousands of people aren’t pouring in and looking through your windows and what they’re doing here in Texas.(01:00:46)And by the way, the Governor of Texas has done a very good job of closing it out. But here, they haven’t done that. They haven’t done that. And in California they haven’t. 82% of the people are coming in now through California, Arizona. So we’re going to have to close it up. We’re going to close it up. We’re going to use federal powers to close it up. Thank you, darling, very much. Good question.(01:01:03)Yes sir. You’re a good-looking guy. Look at that guy. Looks like a banker from Wall Street.",59,14,1.07496769977314,"real"
"phx at dream city","That’s very nice.",60,3,NA,"real"
"phx at dream city","We’re going to make sure that they have the same… You know, you’re… I mean, I can just see how incredible you are by the emotion of that, and the way you asked the question. We’re going to make sure they have the same life that you had or better. We’re going to make it safe. We have to give authority back to law enforcement so they can properly protect people, because right now the law enforcement is just not allowed to do their job, because crime is so bad. Crime is so bad in the cities that one of the things I said is we’re giving immunity, we’re going to guarantee people…(01:02:21)You know, they lose… A law enforcement person, they go and stop people from robbing stores, you go to some of these departments where 500 people walk into the stores, they walk out with air conditioning, they strip the whole store, the company goes out of business, the store is vacant for 25 years, the whole city becomes a slum. And if you do anything as a law enforcement person, they take away your house, they take away your family, they take away your pension. We’re going to make it so that we’re going to give them essentially immunity. We’re going to make it that they are not going to be losing their pensions, they’re going to be able to do their job.(01:02:53)And we’re going to get life back to where… I know exactly the life that you’re talking about. It was a life of common sense. It was a life where there was no crime, there was nobody getting bopped over the head when they weren’t looking, getting pushed into a railroad train or a subway. It’s just horrible what’s taking place. It’s horrible. It’s evil. We’re going to get it back to common sense. We’re going to have law and order. Thank you. Great question. Thank you. Great question.(01:03:19)Yes, ma’am.",61,-5,2.19306265517513,"real"
"phx at dream city","Thank you. Thank you very much.",62,2,NA,"real"
"phx at dream city","No. I know that.",64,-1,NA,"real"
"phx at dream city","Okay. Strength, and we’re getting them back. We’re bringing them back. In some cases, we’ll keep them here. There’s some real bad ones. But don’t forget, when we keep them here, they cost us millions and millions of dollars per person. It’s so crazy. We’re getting them the hell out of our country, and we start with the criminals. And you know what? Our local police know who they are, they know their first name, their middle name, their last name. We have to give authority back to the local police who are fantastic [inaudible 01:04:36]. Thank you very much. We’ll get that stopped, and soon.(01:04:35)Yes, sir, please.",65,-3,2.45412454303511,"real"
"phx at dream city","Thank you very much.",66,2,NA,"real"
"phx at dream city","So, we can do things that nobody does with this… We have tremendous economic power. And by the way, if we’re on careful, we’re not going to have that for long, either. That’s going to go down the tubes with everything else. But if China or some other country is behaving badly, we have things called tariffs that are so severe. Mexico. Look at Mexico, what they’re doing. I can solve that problem, I believe, in one day. You send people through, you allow people to come through your country, with hundreds of miles they have to walk, hundreds, through… By the way, those caravans, I thought I came up with the name, maybe somebody else did, but they’re caravans of thousands of people, the young women in particular, but the people, but the young women in those caravans suffer so badly. And there’s so much death. So much death. And this is all caused by Biden, where people think they’re going to walk into the United States. It’s just another form of death.(01:06:06)We are going to be so tough, and if a country is not going to behave, we’re going to tariff the hell out of that country, because one of the things… One of the powers that we have… And if we have to, we’ll do more than that, but I don’t think you’re going to need it. I don’t think you’re going to need it. You know, I had a very good relationship with China, yet I took in hundreds of billions of dollars from China. No president… We wouldn’t have any steel factories, any steel mills in the United States, if I didn’t do what I did. I was taxing them at 25% and 50%, perhaps going up very substantially. But we wouldn’t have industry, certain industry… They would’ve been gone.(01:06:44)And it’s not only China, it’s other… Every country tries to take advantage of us. The European Union is brutal to us. They don’t take our cars, they don’t take our food products, they don’t take anything. We have a tremendous deficit. You know, European Union sounds so nice. They’re very tough. We have hundreds of billions of dollars of deficits. We had that really going great. Then COVID came in, and I had to take care of that, or we would’ve had a country that was 1929. If I didn’t pour money at COVID, we would’ve had a country that was a 1929 Depression. We handed over a stock market that was higher than just prior to it coming in.(01:07:24)But we’re going to be very tough on countries, because you can stop it at the source. If you stop it at the source, it’s much easier than really having battles at the border. And we’ll stop it at the source. And I’ll go back to President Xi, and he’ll honor it, I believe. Death penalty for those people that send these horrible drugs into our country, and you’ll see it stop very quickly. Thank you.(01:07:50)Yes, ma’am.",67,0,2.13541565040626,"real"
"phx at dream city","Thank you.",68,2,NA,"real"
"phx at dream city","Got to bring them down. We have the greatest inflation, in my opinion, in the history of our country. They say in 47 years. Somebody else said 78 years. I say it’s in the history. You look at the cost of food, and you look at the cost of energy, and you see where it is. And I think we’re almost 50%… They like to say 24%, 28%. It’s much higher, and they don’t include a lot of the things that are really bad. I’ll give you an example. Interest rates. So interest rates went from 2.5% with me up to close to 10%, and you can’t get money anyway. But we have a very sick country. It started with energy. Now it’s all over. And now energy isn’t as bad as food, it’s not as bad as rent, it’s not as bad as a lot of things, but energy’s going to bring it all down. If we cut",69,0,2.36643191323985,"real"
"phx at dream city","Cut your energy in half. You’re going to see a difference, the likes of which you’ve never seen before. We’re going to get rid of inflation and we’re going to bring that number down; not just where you don’t have inflation. We’re going to bring those costs down. The biggest thing I hear is people going out to the grocery store. They make the same amount of money, but they can buy half of the product. They buy half and it’s the single… I’ll tell you what. It’s the single biggest… I even have them here. I have something here. Huh. Because you asked this question, I think I’ll show it. Should I show it? Look, Tic Tacs. This is what inflation does.(01:09:36)Look. Not good, right? I kid, but there really is no kidding. It’s serious. People can’t live; people that had a comfortable life under Trump making the same kind of money. We had many more jobs and they had all bounced back, jobs. They bounced back from Covid. They were going to come back, but people that made the same amount of money, they live half as well because costs are so high. Inflation is known as a country buster. It busts up countries. It busted up Germany years and years ago. Anytime you have inflation that’s not checked, not controlled, it’s a country buster and it’s going to bust up our country because we’ve never had inflation so bad. So we’re going to get the energy down. We’re going to get the food prices down. We’re going to do a lot of cutting also, and we’re going to make our country very livable.(01:10:47)We had almost no inflation, and now we have record-setting inflation, and it’s killing people. Thank you, Donald, very much.",70,2,2.25092573548455,"real"
"phx at dream city","Thank you.",71,2,NA,"real"
"phx at dream city","Can you believe it? Right? By the way, to interrupt, we have more, I call it liquid gold, under our feet than any other nation in the world, Saudi Arabia, Russia, but we don’t use it. We don’t use it. We don’t use it because of these people that are absolutely… They’re crazy. They’re crazy. We don’t use it. Drill baby, drill. The man just said it right there. Go ahead.",72,-4,0,"real"
"phx at dream city","Thank you. Thank you. You can be my pastor any day. Thank you, Pastor. Thank you. We can get energy started. You have places in this country that are very high. Your energy is very high, but you have the New England states that are the highest in our country. It’s crazy, and if they had a pipeline going from Pennsylvania through New York, but New York won’t approve it. If they had a pipeline, they would cut their numbers down by 50%. I predict, and I will tell you, I’m going to get energy costs down to much less than 50% of what they are now, all throughout the United States. I’m going to do that, and once that happens, interest rates are going to fall. Interest rates will naturally follow.(01:13:09)It’s not as complicated as people think, and I did it. We had no inflation. We had the greatest economy in the history of our country, and we’ll do it again, but we’ll do it even better. Thank you, Pastor. That’s a very nice question.",73,8,1.83333333333333,"real"
"phx at dream city","Thank you.",74,2,NA,"real"
"phx at dream city","That’s a good question. When I ran against Hillary Clinton… I don’t use the word crooked anymore. I don’t use the word anymore. I removed that word. I use it for Joe. I thought it was more accurate. I had Sleepy Joe and I removed it into Crooked Joe. I thought it was slightly more accurate, but we had a situation going with all of these people, everything. They wanted to say that I was going to create World War III. “Look at him. Look at him. He’s a radical. Look at him.” I was a radical for not having wars, and if you look at Victor Orbán from Hungary, small country, strong man, very powerful man, runs it strong. He didn’t take illegal aliens. He didn’t want them. He said, “I want my people to be Hungarian. I don’t want to have my shopping centers blown up,” et cetera, and they asked him a few weeks ago.(01:14:42)They said, “Let me ask you, Mr. Prime Minister. What’s going on with the world? The world is blowing up. You have Ukraine, Russia. You have Israel. You have all these places that are at war with each other. What’s going on?” He said, “There’s one thing going on.” He said, “Donald Trump isn’t president. If Trump is president, it’s all going to end. They all respected Trump.” He said that.(01:15:05)They said that, “Oh, look.” Hillary said this, “Look at Trump. Just look at this guy. He’s going to go to war. He’s going to take us”… No, no. Look at me. I’m the one that kept us out of war for 78 years. It was 78 years until another president. Look, that’s a long time. I kept you out of wars. I totally defeated ISIS. I rebuilt our military and countries respected us. I totally rebuilt our military, and I rebuilt our Veteran’s Administration. I took good care of our vets. 93% approval. We were going to make sure there’s no wars. We don’t want that wars. I call them endless wars. I call them wars where people don’t even want us involved. Now, Ukraine’s a very interesting case because we spend hundreds of billions of dollars in Europe.(01:16:03)Don’t forget. We have a little thing called an ocean in between us. Europe should be paying much more. Nobody asks them to pay more. I asked them to pay more for NATO and they paid a lot more. That’s where they got all the money because they were all mostly delinquent, other than eight nations, but they would always say, “Trump is going to get us into war with his attitude.” No, my attitude kept us out of war. We defeated ISIS. Totally defeated ISIS. We got out of Syria. We got out of Iraq. I got out of these wars because I’m a big believer. I want to spend our money in our country doing great things in country.(01:16:36)You drive down the highways, our country’s falling to pieces. Our infrastructure is falling, and then these guys, all they want to do is spend money on the Green New Scam. It’s a Green New Scam. I mean, the things they’re spending money on, it’s like throwing the money out the window, and we don’t want to do that. We want to fix our roads and highways, and we want get rid of the electric mandate for the car. How about that? [inaudible 01:17:05](01:17:04)And by the way, I’m a big fan of electric cars. I’m a fan of Elon. I like Elon. I like him, and I think a lot of people are going to want to buy electric cars, but if you want to buy a different type of car, you’re going to have a… You have to have a choice. Some people need to go far. Some people don’t want their car built in China. I know there are advantages to… Basically, people have to have a choice, and you know what? You have to have a choice also in education. You got to have choice of education, and have a choice in what you buy, and that has to do with electric. The electric cars don’t go far, and by the way, they’re incredible. He does an incredible job with Tesla, and I tell him, I said, “You know”… and I think he agrees with me, frankly, but you can’t. They don’t go far.(01:17:59)The same thing with the trucking industry. I met with the trucking industry the other night. They said, “They want us to switch to electric trucks.” They have to stop six times going to California. With a load of diesel, they don’t have to stop at all. How the hell can you do that? You’re going to destroy our supply chain. You’re going to destroy everything. You put everybody out of business. So we are going to do things based on common sense. We’re not going to allow men to play in women’s sports. We’re not going to allow people to pour into our country. We’re going to get your taxes way down. We’re going to save your Social Security. We’re going to save Social security.(01:18:35)Biden is putting your social security at risk by allowing all of these people to pour into our country. It’s a big risk and we’re not going to stand for that. He is putting Social Security at risk. With me, your Social Security is 100% safe. Okay? Now you.",76,9,2.07198056175145,"real"
"phx at dream city","Thank you.",77,2,NA,"real"
"phx at dream city","Well, they have to… It’s incredible. We had it going and I poured money in to our country, and I’m sure you were a beneficiary at the time, but I poured money to keep those businesses going and to keep people employed because of covid. Covid was a disaster, and we were able to get through that and we got through without going into a depression, but with Biden, he’s spending money on the world. He’s not spending money on you. He’s spending money on things that don’t work. He’s got the most expensive forms of energy ever where everything’s subsidized. He’s got windmills all over the place. Every time you see a windmill going up, you need tremendous subsidy. Now, it kills your birds. It ruins your landscape, ruins the value if you have a house. If you can see a windmill, your house is worth half, but it’s also the most expensive energy there is.(01:20:06)We have to get back to the basics and we have to be able to help people like you; not to help his friends who make all this crap, and much of it’s made and a lot of it’s made… Most of it’s made in China. It’s made in China. There’s something going on. Why somebody would want to do these things where the product is made in China… That goes for electric cars, too, by the way, but the windmills are all made in China and some in Germany, but most of them are made in China. What the hell are we doing? Right? We’ll take care of you. You watch. Thank you. I understand exactly. Just hang in. Yes, sir?",78,-2,2.40580106988894,"real"
"phx at dream city","Thank you.",79,2,NA,"real"
"phx at dream city","Oh, wow. Look at her. Thank you, Betty. Thank you very much.",80,6,1.4142135623731,"real"
"phx at dream city","Thank you. I love you, too. Thank you. Thank you.",81,5,0.707106781186548,"real"
"phx at dream city","Thank you, Jorge, very much.",82,2,NA,"real"
"phx at dream city","Yeah. That’s a real good question. We’re going through questions and I have time. What the hell else do we have to do today? Let’s stay. I have time, but you notice that the questions are basically about the border. Think of it all these, almost everyone about the border, they want border security and they also want help on inflation because you’re getting killed with inflation. The price of bacon has gone up five times. You can’t order bacon. I don’t order it anymore. It’s too expensive. Bacon, as an example, has really… Eggs, all of this stuff, it’s gone up at levels that nobody has ever seen before, but I believe the energy’s going to bring it down. I think we can bring it down, and then once it starts that spiral, it’s going to be a beautiful thing because when they say we’re at 4% now, they’re not including the fact that you might be 45, 50% higher than you were four years ago. So it’s not 4%.(01:22:41)We have to get it down. We have to bring it down. The best way that we can bring it down is with interest rates and energy, and the interest rates are going to follow the energy down, and that’s going to follow the bacon and the eggs down. Okay? Thank you. Thanks very much. Thank you. Thank you. I like that. I like that hat. Thank you. Thank you very much. Who else?",83,13,2.27469611690055,"real"
"phx at dream city","Thank you, my honor.",84,4,0,"real"
"phx at dream city","Thank you.",85,2,NA,"real"
"phx at dream city","So we have to get them out. Look, it’s not sustainable for us to have 20 million people that we have to take care of and all. It’s just not sustainable, and their countries, I know the leaders. I know them just about all. Their countries are doing this because they’re smart. I would be the leader of the pack. If I ran Honduras, if I ran El Salvador, if I ran some of these countries that are sending vast numbers of people, I would be emptying out our prisons. I’d say, “Listen, send them to the stupid people in the United States who are led by idiots. Send them into the United States. Let’s have empty prisons and let’s never let them come back in.” Venezuela said the other day that, “We’re never allowing the people that they sent out to come back into Venezuela.” That’s not going to happen, but they said that.(01:24:45)So they are sending them out and they’re saying, “You can never come back,” because they’re letting the bad people. We are going to stop that and we’re going to deport, and we have no choice. Dwight Eisenhower was so far the biggest deporter. He was a president that hated to see what was happening. He had a lot of people pouring into our country. It was really hurting our country badly, and in many cases people would say destroying our country because they were just coming in. Nothing like what you’re witnessing today, by the way, but he did very big deportation and very successful deportation. If we had a choice, it would be nice not to have to do. We have to do it because this is not sustainable for you or for any other business in this room.(01:25:26)It’s not sustainable for our country. So we’re going to deport and we’re going to get it back and we’re going to bring our country back and we’re going to make our country bigger, and better, and stronger than ever before. Thank you very much.",87,0,2.21108319357027,"real"
"phx at dream city","We have to back our police. We have to back our law enforcement. We have to bring them back the respect, and their honor, and their dignity, and they’re great people. We have to do it, and the people that are most affected are really the minority communities. Those are the people that are most affected, and I really think that’s one of the reasons that we have so many African American people supporting us. Nobody’s ever seen anything. They’re leaving the Democrats in numbers that nobody’s ever seen before because they’re not feeling safe. They’re not feeling safe. Thank you. That’s a great one. Thank you. Please. That’s a beautiful baby.",88,13,1.23603308118261,"real"
"phx at dream city","Can’t do better than that. That’s beautiful. Go ahead.",89,5,0.707106781186548,"real"
"phx at dream city","Well, we’re going to be helping rural America. You know, rural America votes for Trump. There’s nobody going to take that away. We’re going to help you. Thanks for your question. We started a process with rural hospitals and other things in rural America, and I’m going to keep that going. They ended it in the Biden Administration, as you know, but we’re going to keep that going. Rural America, look, it’s the backbone. It’s the heart of our country. We’ll take care of it. Okay? You just hang in. We’ll get it done. Okay. How about one more that’s a good one? We’ll end on a good one. Always end on a good one. Right?",90,11,0.447213595499958,"real"
"phx at dream city","Good.",92,3,NA,"real"
"phx at dream city","Vote for Trump. Thank you. That was better than most of them. Thank you.(01:28:48)So we’ll just end by saying it’s been an honor to be with you. So interesting, though. Everything was about the border, and about inflation, and the economy. It’s incredible, and every question… Some of it sounded repetitive, but it wasn’t really repetitive. It was just from the heart, and frankly, it very much is about the border. The border’s destroying our country. We’re being destroyed in many ways. We’re not respected outside of our country. I say we have the enemy from within and we have the enemy from the outside, and I’m telling you. We are in more danger from the enemy from within with these lunatics, these fascists, these communists, and we’re going to stop that also, but it was so interesting to get those questions because they all concern the economy, inflation, and the border, and we are going to take care of it all.(01:29:35)We’re going to make America greater than ever before. Thank you very much, everybody. Thank you. Thank you very much. Good night.(01:29:35)(singing)",93,2,2.41621506453694,"real"
"pennsylvania macks truck","When I first came into office, I cut taxes, more than any other president. We have created seven million new jobs, and it led to a growth like we’ve never seen before. We developed the greatest economy in history, by far.(31:11)When I left office, it changed. Inflation destroyed the lives of so many people. Interest rates went from 2% to 10%. Millions of illegal immigrants, traffickers, and drugs coming into our country. Our country has gone to hell. So, I made a decision to run.(31:34)We’re going to make America great again, greater than ever before. I will fight for you with every breath, and I will never let you down.",94,2,2.67649703224875,"real"
"pennsylvania macks truck","So, if you love this country, if you want to stand up and fight for the future of our nation, you must re-elect Donald J. Trump.",95,3,2,"real"
"pennsylvania macks truck","Hello, everybody. Hello, Pennsylvania. We love Pennsylvania, that are very special. Hello to La Trobe. Oh, I love La Trobe. You know why? The home of Arnold Palmer. This was the home of my friend, Arnold Palmer, and he loved La Trobe. He turned out to be one of the greatest golfers in the world. He started off very, very poor. He had no money, just had a lot of talent and a lot of muscle. He was a strong guy. And his father worked at La Trobe golf course, and he was a laborer there. Actually they called him in those days sod carrier. He’s a very strong man. He carried sod. They didn’t have trucks that trucked it. They had strong people carrying. He was the strongest of them all. And he had a son, but they had no money. And he worked at La Trobe, and they treated him good because he could do more work than anybody else.(38:02)And his son had started to grow up and he realized his son was very strong like him, but he never had a chance to play golf. He had no money at all. And his son was named Arnold. And when Arnold was four and five years old, they had no money to buy a club. He couldn’t buy one club, not one. And they used to go to the back of… This was all told to me by Arnold, so I have it firsthand. They used to go to the back room where the members were and they took out members’ clubs and they’d use the members’ clubs, two or three of them at night, late at night. And he hit balls with his son and he’d watch his son’s every move. And he realized his son had great talent. And then his son got older and stronger, and then he got stronger and stronger.(38:48)And his father started saying, “Wow, this is really crazy, what’s going on with this kid.” And finally he was able to save up enough money to get him some clubs, but they weren’t strong enough. Arnold was breaking them. He’d swing a regular club and it’d break the hell out of it because he was so powerful. And they went back to the members’ bags because they couldn’t afford another set and used very stiff shafted clubs, very strong for those of you that aren’t golfers. That’s for good golfers with power, very stiff shafted. And he’d get better and better. And then he went to high school and he won all sorts of championships, one after another. He’d beat the rich kids, he’d kill them. He’d beat them so badly. He loved beating them, even though he was a nice guy but he was tough. He was a tough cookie, Arnold.(39:35)I got to know him really well, and he’d beat them over and over again. And then he got a set of clubs and he got even better. And he won every championship. And he got into Wake Forest. You know that, right? Wake Forest. And he was immediately, as a freshman, the captain of the team. And there was a man named Mark McCormick. And Mark McCormick founded IMG. That’s one of the biggest entertainment companies in the world today. And he wanted to be a professional golfer. He didn’t go to Wake Forest, he went to another college, another school, and I won’t say which, because honestly I didn’t want to look it up. It wasn’t worth it, but a good golf college. And he wanted to be a pro. He was a very good golfer, very, very good. And he had the privilege of playing Arnold Palmer in a match between Wake Forest and his college.(40:29)And the way he tells it, he was playing fantastically well, Mark McCormick, a very famous man actually, founder of the biggest entertainment company. And he was playing very well, playing Arnold. Arnold was just Arnold. He was just better than anybody else in college. And somebody shouted over to Mark McCormick, “How are you playing?” He said, “I’m playing great. Can’t play better.” “How are you doing?” “I’m six down.” And he realized at the end of that match that he would never be a pro because he could never beat a guy like this. It wasn’t close. He said, “He was longer, straighter, chipped better, putted better, and thought better. Other than that, they were very close.” But he gave it up. He said, “I’m not going to be a golfer,” but he went to Arnold. He said, “Arnold, you’re going to be turning pro and you’re going to make a lot of money. And my second choice was to start representing people that are talented and I’d like you to be my first client.”(41:33)And they made a deal where Arnold owned a big piece of the company and Arnold started winning immediately, started winning immediately, made a lot of money for him. And Mark McCormick became the agent. And then because of Arnold’s success, IMG, which most of you know, it’s very, very big now, Hollywood stars, everything, IMG became well-known. And he started signing a lot of other players and a lot of other people. And then he started with Hollywood and they signed Hollywood stars. And it became the biggest of those companies like William Morris and all of them. And it was all because of Arnold. Arnold owned a big piece of it. Arnold was a very rich man. And I said to Arnold… I got to know him when he was 69 years old.(42:18)And I played pretty much with him, a lot of them. And as he got older… When you get older, you start to lose a thing called distance. And I’m a good golfer. Not like that but I’m a good golfer. And I felt so good because I was hitting it a little bit longer than Arnold. But he was by this time about 75, 76, and I’d hit it four or five yards past him. I said, “Arnold, let me ask you, 30 years ago, 40 years ago, was I longer than you?” He said, “Donald…” I wasn’t president or close at that time. That was long before I decided to have this fun.(42:58)But you’re talking about a great man. I said, “Arnold…” And he was still plenty long, but I said, “Arnold, do you think I was longer than you like I am now 30, 40 years ago?” He goes, “Donald, let me tell you a little secret. You weren’t even close.” He said, “You see that tree out there?” He pointed to a tree that was about 70 yards in front of us. He said, “That’s where I would drive it. And you’re about 70 yards short of that tree. You would’ve been even worse then.” And it’s true. He won, I think it was Pine Valley, one of the great courses. He won the US Open. He drove a par four, only person ever to drive that hole until that time. He drove it in a playoff, to win the playoff. He went over the trees, very risky shot.(43:53)He ended up driving the green and he won with a birdie in the hole. And nobody till that point had done anything like it. But I said to Arnold… He became very rich because of the investments and the IMG and all of the different things. And I said to Arnold, “Just out of curiosity, you could live anywhere in the world. You could live on the Pacific Ocean, you could live on the Atlantic Ocean, you could live anywhere in the world. Why did you choose to stay?” And part of the beauty is that because he made money right away… A lot of times it takes a pro years before they start making the money. It’s a very, very difficult sport actually. But he started right away making money, and the first thing he bought was La Trobe Golf Club. And you know the first thing he did? He took his father from a laborer to make him the course superintendent.(44:51)How cool is that? And then ultimately his father became the manager of the club. And Arnold was so proud, and his father was good. He said, “One thing with my father, nobody’s going to steal on me.” He said that. And I said that too. I said, “There’s something nice.” And then I took Arnold when he was quite old in all fairness… We took a helicopter from where he was in Florida to Doral. I own Doral, which is a great place. And it’s got four courses, many championships. Many of the best championships were at Doral. And I was building these beautiful… They call them villas, about 88 units in each one, hotel Villas. And I named them after the 10 greatest golfers, including like Jack Nicklaus, Tiger Woods, Ben Hogan, Gary Player, Slammin’ Sammy Snead, all great players. And I said, “Arnold, I really want to name one after you. Would you like it?”(45:54)He said, “I’d love it. I’d be honored to have that.” And we flew down for the opening ceremony to cut a ribbon for the Arnold Palmer Villa. And to this day, people just love it. And I’ll never forget the day, he was having a little hard time. He was a little older. He hit the eighties. He hit the eighties, but when he got up there, he had that magic like nobody had. And there were a few golfers that could… You could say maybe slightly better, a few, not many, but there was nobody that had his magic. He was a thriller. He was unbelievable. He knew how to win and he knew how to just do whatever it was that electrified a crowd. If I had him here right now with me, this crowd would be going absolutely crazy.(46:48)They’d say, “Trump, get off the stage. We want Arnold Palmer to speak.” He would electrify a crowd and he would go for shots that nobody else could do and they were risky as hell. And sometimes it wouldn’t work out, but usually it did with him. He was an incredible man. He was an incredible champion. And he came from La Trobe. And so when I said… A couple of days ago, I said, “Where are we going to be today?” They said, “Sir, we’re going to be at La Trobe.” I said, “Do you know what that means?” “No, sir. What does it mean?” I said, “That means Arnold Palmer,” because Arnold told me he could be, and I knew he could be. They wanted him everywhere. Just like I wanted to name a villa after him. Everybody wanted him. He could have been in any place he wanted.(47:32)He said, “No, this is where I want to be. This is the place I love. I mean, how good is that, right? And he died a very proud owner of this course. And he was always tinkering with it. I said, “Arnold, what are you doing?” He said, “Well, I’m moving the whole four yards back.” I said, “Nobody knows the difference, Arnold.” He said, “I don’t care. I love it. I love this place.” He could not get enough of La Trobe. So I’ve been here before, and I told the story before, not in this kind of detail, because you have these teleprompters. If I would read it off a teleprompter, it wouldn’t be so good and it would be a lot shorter. It wouldn’t be as good. And I didn’t want to do that. I said, “When I come here, I’m going to tell them the real story of Arnold.”(48:18)But Arnold Palmer was all man. And I say that in all due respect to women, and I love women, but this guy, this is a guy that was all man. This man was strong and tough. And I refuse to say it, but when he took showers with the other pros, they came out there, they said, “Oh my God, that’s unbelievable.” I had to say it. We have women that are highly sophisticated here, but they used to look at Arnold, this is bad, but he was really something special. Arnold was something special. So I just want to tell you, you’re very lucky, the people that live in La Trobe, and it’s an honor for me to be here because of him. Actually, he was a great man. And I don’t think there would be golf… To the extent that you have it today, it probably wouldn’t be that way without the great Arnold Palmer. So enjoy it, everybody.(49:27)And I had to tell you the shower part of it, because it’s true. What can I tell you? We want to be honest. We want to be upfront. It’s true. But I’m thrilled to be back in this incredible Commonwealth with thousands of proud, hardworking American patriots. I’d like to begin by asking a question. Are you better off now than you were four years ago after living through this nightmare of inflation, invasion, and humiliation? You know what the invasion is, right? Invasion by the southern border. What they’ve done to our country is unbelievable, allowing more than 21 million people into our country. Many of them are murderers, many of them are drug dealers, and they’re from mental institutions. He says, “Send the back.” You right. Do you come from the drug business? Yeah, he does. But Americans are ready to be free from Kamala Harris.(50:29)Do you know that whenever I use the word Harris, everybody says, “Who’s Harris?” They have no idea who Harris is. That’s true. They have no idea who’s Harris but Kamala… And to reclaim the future that is rightfully yours, you’re going to reclaim it. This election is a choice between whether we will have a incredible four more years of failure, such a horrible four years. Everything they touched turns to… Everything, inflation, Afghanistan… How about Afghanistan? Most embarrassing moment in the history of… Everything they’ve touched. Even now, he’s telling Israel… Everything he said to Israel was exactly the opposite. He’s the greatest… I will say this about Biden. He’s the single greatest expert on foreign policy in history. You know what that means? If you did the exact opposite of what he suggested every single time, you’d go down as the greatest foreign policy president in history, if you did the exact opposite. Everything’s a failure.(51:50)And he’s telling Bibi, Netanyahu, “Don’t do this. Don’t do that. Don’t do this. All our great congressmen are there. Don’t do any of these things.” And Bibi didn’t listen to him. And I tell you what, they’re in a much stronger position now than they were three months ago, that’s for sure. Nobody’s ever seen anything like this happen. And Bibi called me today and he said, “It’s incredible what’s happened.” I said, “It’s pretty incredible.” But he wouldn’t listen to Biden because if he did, they wouldn’t be in this position. And she’s worse than him. She’s not as smart as him. And I’m not saying he’s the smartest. I’m not saying he’s the smartest, but she’s not as smart as him. And I think maybe based on early results, maybe he’d be doing better than her. We have results coming out where we actually now don’t have to rely on the polls.(52:44)We are doing good on the polls, but we don’t have to rely on the polls. Remember, they stole the election from an American president. They stole it. I could say… I don’t even want to call it, they just stole the election. They said, “We’re taking the election away.” He got 14 million votes and he won. 22 people running, 22 Democrats, they’re running. I’m looking at my hair up there. Let’s see. I don’t like it. I don’t like it. Excuse me, I’m going to recomb my hair. Do you mind? I’ll leave the stage for five minutes. I’m going to recomb my hair, Mr. Future Senator. We have David down here, Mr. Future Senator. You’ve got to get him in.(53:23)You’re doing good too. Well, let’s keep it the way it is. Let’s just keep going, right? We’ll trudge through it. But this election is a choice between whether we will have four more years of failure and disaster. And that’s what it’s been. It’s been failure. We’re disrespected all over the world. They’re laughed at all over the world. They’re laughing at him and they’re laughing at her. The other night, they had Catholic charities. They had the biggest event, the Al Smith Dinner. It’s the biggest event of the year for Catholics. And she’s the only one in years, decades that didn’t show up. She didn’t show up. She wouldn’t be there.(54:19)She wouldn’t be there. She said no, and she ended up doing a tape that was pathetic and it was an insult to Catholics frankly because she was actually sort of knocking them or knocking religion. Then she had the other event the other day where she said, “You’re in the wrong location,” when they started talking about a certain subject, which basically was a knock on Christianity and a knock on religion because she doesn’t know what the hell she’s saying. But they had been a failure. It’s been a disaster. Or you’re going to have four years and they will be the four greatest years in the history of our country if we make the proper decision. You’ve got to make that decision.(55:20)Thank you. Thank you very much. By the way, if you’re Catholic, you can’t vote after that and you can’t vote for another reason. That administration has been persecuting Catholics. It’s been persecuting Catholics. I don’t know why. Persecuting a lot of people. Persecuting politicians. I’ll raise my hand, but we’re kicking their ass. They are bad. They are bad. They are bad. Guy is going to jail. They’ve never done this. This has never happened. It happens in third-world countries, in Banana Republics. They go after… It’s called weaponization. They weaponize their justice departments. I call it the Department of Injustice. Ours is the Department of Injustice, but we’re doing well. We won the big case in Florida. You saw that? That was the big one. That was the big one. That was the big one.(56:19)They’re going to get him on that one. Oh, they’re going to get him. We had a judge who was brilliant and fair and very smart. She ruled against them, very strongly against them. These are dishonest people that we’re dealing with, but we won that. And we have other ones. We have them on the ropes. Remember, they were going to have me in oh such a trouble. I’m going to be in trouble. And in the meantime, it’s just weaponization of government. That made me more popular. It actually made me more popular, I think. That’s crazy.(56:49)Because people can see, and they’re smart, and we could sometime explain it, but one after another… You had Fani, F-A-N-I, which is usually pronounced Fanny, and she added a little action to it, Fani. That was a scam. They’re all scams. They’re all scams. It’s a corrupt system, and it’s a corrupt justice department, and it’s a corrupt DA, corrupt Attorney Generals. They use it to get elected because you can’t get elected with open borders, with transgender operations all over the place, with men playing in women’s sports, with high taxes and banned schools. No school choice. You can’t get elected with all… I could go on for 10 minutes. Your vote will decide whether we give up on America or whether we save America. It is the most important election you’re ever going to have. Really is. By the way, how nice is this place? Isn’t it beautiful? Look, people, as far as you can see, they give you a little extra security nowadays, you notice? Hey, I got more machine guns than I’ve ever seen in… Look at these guys. I got more machine.(58:21)I never saw guns like that. I said to my son, Don… He knows a lot about guns, and Eric knows a great shot. They really understand. I said, “What kind of a gun is that?” They said, “Dad, you don’t even want to know.” They are serious guns. We’ve got more guys and everyone who’s like central casting too. Holy shit, I’m looking. They look like Arnold Palmer. They look like Arnold. Can’t look better than Arnold. But with your support, we’ll bring back our nation’s strength, dominance, prosperity, and pride. We’re going to do it. This will be America’s new golden age. 100 years from now, the presidential election of 2024 will be looked upon as America’s greatest victory. I hope that’s true because we’ve been through so much together, and the finish line is finally in sight. After four horrendous years, Kamala Harris can’t say one thing that she’d do differently.(59:47)You heard that. If you vote for me, I will end inflation, I will bring jobs back to our country. We’ll flood our shores with companies and jobs. We’ll seal our borders immediately and we’ll let people in. We had the safest border in the history of our country. Hold it, put up my favorite sign of all time, put up my favorite graph. I have to use it, my favorite graph. So the red arrow on the bottom, that’s the lowest number of illegal immigrants to come into this country. And by the way, we want people to come into the country, but they have to come in legally just so we understand, right? She’s going, “Yeah.” We want it, we need them because we’re going to need them because we’re going to have so many companies come in just through adjustments in tariffs and taxes. They’re going to be pouring into our country, and they’re going to stay here because we’re going to protect them with tariffs.(01:00:49)The word tariff is the most beautiful word in the dictionary. More beautiful than love. More beautiful than respect. No less beautiful than religion, though. I don’t want to get into that argument, but the word tariff is the most beautiful word in the dictionary. Remember that. It’s going to make our country rich and our politicians were too stupid for so many years or something else was going on. He goes, “Crooked.” That could be. Because it’s so simple to understand, but look at that. So that was the day I left office, that lower red arrow. That’s the lowest point. And look what happened to our country after that. Look at that.(01:01:40)And that was done by Border Patrol, which we love. Oh, by the way, Border Patrol gave us their total and complete endorsement, and it’s hard. They’re not actually supposed to do it. They said, “Well, let them take all 29,000 of us and let’s see what happens to this country.” No, they’re not… In theory, you work for the government. They couldn’t help. And they said, “She’s horrible.” They said, “She’s horrible.” They said, “You’re the greatest president in the history of our country.” Some only said, “The greatest in our lifetime.” They had a unanimous endorsement from everybody. And they said at the same time, “She’s the worst we’ve ever had by far.” And now she’s running. And I tell you, I think that the border… I was just saying to Byron Donald in the plane. Right, Byron? I was just in up, Byron, what a great guy.(01:02:39)Look at that black hat. So you know what? You know who the founder of that hat is? Elon. Elon Musk. He’s like the founder. We sell that. I think we sell about two a year. Now it’s the hottest hat we have. And Elon came up… Elon Musk gave us his total endorsement. How good is that? He’s the one that landed that rocket. That rocket came in. I said, “That sucker is not going to make it.” I was actually on the phone talking to somebody. It was crazy. And I’m talking to this person and I’m saying, “Wait a minute. Something’s happening. I got to hold. Just hold it.” I put the phone… And it was a very important person. I’m looking at something on the screen. I’m seeing this 24 story tube come down, and it looked like it was getting… Congressman, it looked like it was getting a little bit close to the gantry, or whatever the hell they call that nowadays. I said, “Oh my God.” And I put the phone down. Very important person, by the way.(01:03:47)I won’t tell you who, it’ll be embarrassing, because I never picked up the phone again. I was sitting there for… And because I was the president and because I’m leading, which is probably more important to him, the guy didn’t hang up. He was on the phone, forty-five, fifty minutes waiting. I just saw, “Oh, the phone’s off the hook. Hello, hello.” But I saw this thing come down, this tube, this giant tube, and I put the phone, I said, “Just a second.” I said, “I don’t believe it,” because I had the sound off. I turned the sound up and it came down and I said, “It’s going to crash. Don’t crash.” Actually, at first, I thought it was like a movie or something. I never saw this before, and I’ve seen a lot. And it came down and it was going into… And then all of a sudden you see the fire pouring out of the left side, pushed it over. It landed perfectly, and then it was grabbed by two claws, two giant claws, and they grabbed it like Willie Mays would catch a fly ball in center field, right?(01:04:47)That’s the way it was. He was pretty good, Willie. And they came down and I called Elon. I said, “Elon, is that you?” He said, “That was me.” I said, “Can anyone else do that?” “No.” “Can the United States do it?” “No.” ” Can Russia do it, China do it?” “No, nobody can do that.” He said, “They’re 10 years behind.” This guy is great. And he said, “If Donald Trump doesn’t win, it could be the end of democracy in our country, it could be the end of our country.” And you know where he is today? He’s in another part of the Commonwealth. Never ever make the mistake of calling it a state, by the way. It could be career ending. I had a friend that did that, a politician. He used to be a politician. It shouldn’t be that big a deal because a lot of people make that mistake. That’s one I could understand somebody making, but we call it the Commonwealth.(01:05:39)But Elon endorsed me. He’s in another part of the Commonwealth, and he’s campaigning now, and he’s got… Actually, he’s got a gold. He’s got a gold cap, but he called it. He was wearing the black hat in Butler, Pennsylvania. We had 101,000 people, Butler, honoring Cory, the fire fighter. Butler, Pennsylvania, we had 101,000 people. It was unbelievable. What a night that was. And we were honoring Cory and two gentlemen who were very badly hurt. We thought they weren’t going to make it, the doctors up there. They have good doctors. These are good doctors. I don’t know if they call them country doctors, but whoever they are, they were good because these were two men that were not the two great supporters who were not supposed to make it. And they made it. And they made it. They’ll be okay. But Cory didn’t make it.(01:06:35)And we honored Cory. It was the most beautiful evening. We had a moment of silence, and then we had the bells of Notre Dame, right? Notre Dame playing. And then we had an opera singer who sounded just like Pavarotti. I mean, the guy was unbelievable, he sang Ave Maria, and our whole place was crying. It was crazy. I’m looking at the audience. Some of my friends were there, almost as tough as the football players that we have. We have some of the great football players. Almost as tough. I don’t know if you guys did, but they were tough cookies, and I see them crying. They’re trying to be cool. “No, I wasn’t crying,” but the whole place was crying. It was amazing. It was 101,000 people.(01:07:20)So we will regain our sovereignty, we’ll restore our safety, and we will unlock the magnificent destiny that is just within our reach. And I am asking you to be excited about the future of our country. Again, you’re going to be excited. This is going to be the most exciting period ever. Every problem facing us can be solved, but now the fate of our nation is in your hands. It really is. I mean, if you put these lunatics in charge any longer, we can’t take it any longer. They’re laughed at. They’re laughed at by foreign leaders. They can’t even believe it. They can’t even believe it. Biden",96,50,2.28264082888041,"real"
"pennsylvania macks truck","… can’t find his way off a platform. She’s worse. I wonder if she’s going to have any trouble. No, she should be probably okay in that regard. But she’s worse up here. Pennsylvania, you have to stand up and you have to tell Kamala Harris, who shouldn’t be there, she shouldn’t be. She’s a threat to democracy. The way they took over. They called me a threat to democracy, right? She’s a threat to democracy because she shouldn’t even be the candidate. They should have picked a candidate fairly, not just given her because they want to be politically correct.(01:08:32)I mean, whether you like him or not, we had the debate, and his numbers went down. He didn’t have a good night, but that can happen. But that happens. And the numbers go down. And they went down, and they went into them. They said, “We’re not going to let you run. We’re going to take it away.” That’s crazy. Nancy went in, Chuck Schumer went in. Some of the people went in. They took it away from him. They just took it away from him. It’s bad. And that is a threat to democracy if you think about it, right? That’s a real threat to democracy.(01:09:05)But you have to tell Kamala Harris. And by the way, I think he would’ve… Let’s see what happens. And I may be wrong, but let’s see what happens. I think he might’ve done better than she’s going to do because all we had to do is expose her as a lunatic left, further left than Pocahontas. Do you know who Pocahontas? Elizabeth Warren. She’s further left than Pocahontas, and I don’t want to get into that stuff, but her mother said she was Indian because she had high cheekbones. That’s what she said.(01:09:40)And then she went out and did a test because I was driving her crazy, calling her Pocahontas. So she fell for the trap, and she did a test, and she was so happy, because it came back 1,014th, remember? 1,014th, and that was it. That means I had more Indian blood in me than she had, and I have none. I have none. I’d like to have some. I would like to have some. I’d be honored, but I have more, and I have none. But she was so happy when she got… Think of that. That was what happened. That was the end of her career. That was the end of her presidential run.(01:10:23)She was leading for the president. And you got to understand, just these are the people we’re dealing with, she took that Indian heritage and based on the fact, and this is her statement. This is not me. There’s no racist anything in me, not a drop, but this is not me. Her mother told her this, that she had high cheekbones, and therefore she was part Indian. And based on that, she applied to colleges. She applied for jobs, she applied for the US Senate, and everyone’s forgotten that crap right now, but I never forget it.(01:11:01)But she went out, and she had the test, and the test was ridiculous, basically. And then I said that I have more than she does, and I would love to. I will tell you, but she’s bad news. But she’s radical, left crazy. What she does to business people is horrible. She’s a horrible person, but she’s radical left and crazy. Bernie is radical left. And this one, Kamala, is further left than them. So you have to tell Kamala Harris that you’ve had enough, that you just can’t take it anymore. We can’t stand you. You are a shit Vice President. The worst. You’re the worst Vice President. Kamala, you’re fired. Get the hell out of here. You’re fired. Get out of here. Get the hell out of here, Kamala. [inaudible 01:12:00] Early voting in Pennsylvania is now underway. Go and vote. Just go and vote. Get out there. And if you’ve not registered to vote, you only have two days left. You have to get out there and register immediately. Does everybody promise they’re going to register? Okay? Boy, look at the crowd. Wow. Wow. Hello, everybody. How did the flyover look? Good? Good. It feels like you’re very close to the ground. I said, “Are we okay here?” It looks like okay from here, but let me tell you, you’re in that plane, that sucker feels low. I’m saying, “I hope everything’s working nicely on that plane.” With your help, 17 days from now, we are going to win Pennsylvania. We’re going to defeat Kamala Harris, and we are going to make America great again, right?",97,-16,2.53742047634932,"real"
"pennsylvania macks truck","And I’m in big trouble tonight. You know why Franklin Graham wrote me. You heard this. Like two months ago. He said, “President, we love your stories. We love your speaking. We love everything about you. You’re a great Christian. We love everything about you, but sir, please, please don’t use any bad language, bad words.” He said, “Your stories will even be better.” And I wrote them back. I said, “I’m going to try and do that, but actually the stories won’t be as good.” Because you can’t put the same emphasis on… So tonight I broke my rule. I’ve done it for weeks, but tonight I just said, “Look, I’m in Pennsylvania. What the hell?” What the hell? I went to school here. I went to school. I went to the great Wharton School of Finance here. What a great school that was too. What a great school. So if we win Pennsylvania, we win the whole damn thing, right?(01:14:20)And starting on day one of my new administration, I will end Kamala Harris’ war on Pennsylvania energy because you know she’s going to ban fracking, right? A 100%. She was against fracking, against all this stuff, and then all of a sudden, about a year and a half ago when she was getting killed in the polls, she said, “I like fracking very much.” Look, they always go back to what they want. They always go back. She can’t help it. She’s a radical left Marxist. She can’t help it. But we’re going to end that, and we will frack, frack, frack, and drill, baby, drill.(01:15:01)We’re going to drill, baby, drill. We’re going to be drilling so deep. We’re going to be for these guys. We’re going to drill. We’re going to take out so much money. We’re going to pay down our debt. We’re going to lower your taxes. I gave you the largest tax cut in the history of our country and the biggest regulation cuts in the history of our country. And we had the best economy in the history of our country, and we had the best border in the history of our country.(01:15:32)Other than that, what the hell? I did other things too. I rebuilt the military, and unfortunately, they gave a lot of it away to the Taliban. These geniuses, these stupid people like Milley, General Milley. Remember his performance in Congress? General Milley and Mattis, all these guys, what a bunch of lightweights. But we have great generals, but they’re the ones you don’t see on television. They’re the ones that actually have to fight. Like we defeated 100% of the ISIS caliphate with great generals and great… We have a great military, but not the ones you see on television. Not the movie actors that you see. Kamala has said repeatedly, she wants to ban fracking, which would kill over 500,000 jobs in Pennsylvania alone. Watch this.",98,-11,2.39349868995911,"real"
"pennsylvania macks truck","So when she does that, that’s the end of Pennsylvania as we know it. It’s your most important, not only from the standpoint of 500,000 jobs, it’s 500,000 jobs, but in terms of income for the state, you would have to double and triple your taxes to make up. And she’s going to do it. She’s going to do it. She’s going to do it.(01:17:40)And you know, the other thing, the taxes. You know what an unrealized capital gain is? Okay? I’ll tell you what it is, communism is what… So she wants to have a tax. So capital gains tax is terrible, it’s rough, but you sell something, you can pay the tax. She wants an unrealized capital gain every year so that if something goes up in value, now you have to go out. It’ll be a great business for appraisers and for lawyers and for accountants. Other than that, it’s a disaster. She wants an unrealized, and she refuses to say that, “No, we’re not going to do that.” She refuses. Think of it. It’s an unrealized gain. She wants that. So she wants to tax an unrealized gain. This woman is crazy.(01:18:29)I will terminate the green new scam immediately. It’s the greatest scam in history. I’ll stop the energy price hikes. I will rescind the natural gas export ban, which is killing your state, by the way, and we will have energy independence. We were energy independent four years ago. Think of it, energy independent. We’re still going to be energy dominant, and I will cut your energy and electricity prices in half within 12 months of taking office, 50%. We have it. It’s under our feet. We don’t have to get it from Venezuela. We get it from Venezuela. The whole thing’s not believable.(01:19:10)For most of American history, Pennsylvania was the commercial and industrial powerhouse of the United States, but year after year, globalist radical politicians and incompetents like Kamala Harris have waged a war on your Commonwealth. They’ve annihilated your steel mills, decimated your coal jobs, assaulted your oil and gas jobs, and sold off your manufacturing jobs to China and foreign nations all over the world.(01:19:41)Under the Trump administration, we are going to take back what is ours. We will end the looting and pillaging of Pennsylvania and many other states all over our country. We will bring back our manufacturing jobs, our energy jobs, our coal jobs, our steel jobs, and our dreams.(01:20:05)And it’s all very simple. Starting in January, we will give our companies the lowest taxes, the lowest energy costs, the lowest regulatory burdens and free access to the best and biggest market anywhere on the planet. But only if they make their products right here in America. If they don’t, they have to pay a higher [inaudible 01:20:28] and only if they hire American workers for the job, and they will. They’ll all be coming. They’ll be pouring in. If these companies don’t make their product here, then they will pay a tariff when they send their products into the United States for the privilege of competing with our workers and our cherished companies. We’re going to protect our workers and our company. It’s all very simple. We don’t do any of this now.(01:20:50)I was going to do it, and then COVID came, and I said, “We got to fight that one.” We did a great job with that. I got great credit for the economy, for the military. We were in no wars. Think of it. I started no wars. Everybody thought I’d be in a war. I’ll be in a war in two days. No, it didn’t work out. My personality stopped wars. Stopped wars. It stopped wars in countries that we weren’t even involved. I was able to stop wars with other countries that we weren’t even that involved with just by making a couple of phone calls. I saved a lot of lot of lives.(01:21:26)We will call this policy the Build It in America plan because when foreign leaders and CEOs call me up to complain about our tariffs, my answer will be very simple to them, “Build it in America, build it in Pennsylvania.” We’re going to build a lot. We’re going to have all those hulks that you have all over the place, the big empty hulks that we have all over our country. They’re going to be loaded up with companies. Honestly, they’ll be ripped down, and you’ll see modern buildings built, modern manufacturing built. The centerpiece of this plan will be a 15% made-in-America corporate tax rate, cutting the tax from 21% to 15, but again, only for those who make their product in the USA. And remember, I got it down to 21. Everyone said it would be impossible to get approved by Congress. I got it approved by Congress, but I got it down to 21. It was close to 40%. I got it down to 21%. Nobody thought that was possible. Now, I’m taking it from 21% down to 15%. The companies are going to roar in because 21% is very competitive. 15% is really, it’s amazing.(01:22:45)I mean, companies are going to want to be here, but they have to be protected from other companies coming in from the outside and raiding the jobs, the products. And that’s what we’re doing with the tariffs. And for those companies who don’t make their product in America, they will be forced to pay a very stiff tariff. And we will make it and take it. Hundreds of billions of dollars are going to come in through tariff dollars to benefit American citizens, and we’re going to pay off debt and reduce your taxes still further.(01:23:15)Again, I gave you the biggest tax cut in history. We’ll be able to do it still further. And remember this, for decades, nobody paid. China never paid one penny, not one penny to us until I came along. They paid hundreds of billions of dollars in tariffs and taxes under me. Under Bush, under Obama, they never paid. They never paid anything, nothing, not a dime. Hundreds of billions of dollars they paid. And that’s just the beginning.(01:23:51)We’re a rich country, but we don’t know how to be rich. We just don’t know how to be. But we’re going to be rich, and we’re going to be richer than ever before. We’re going to take care of ourselves. It’s going to be America first. It’s also going to be, we’ll help the world. We want to help the world, but it’s time that we take care of ourselves. We owe $36 trillion dollar. We’re going to take care of ourselves first.",99,13,1.89956599026573,"real"
"pennsylvania macks truck","And I will never apologize for defending America. I will protect our workers. I will protect our jobs. I will protect our borders. I will protect our families, and I will protect the birthright of our children to live in the richest and most powerful nation on the face of [inaudible 01:24:40].(01:24:39)And I will also protect our steel industry. If you guys remember, we were going to lose our steel. We had the worst policy on steel. China was coming in and others, dumping steel onto our shores. And we would’ve had no steel industry left. And I put a tariff, a big tariff on all steel coming in. It was not good steel either. It was what we call dirty steel. It was bad steel, bad structurally, very dangerous, actually. But they were dumping steel into our country, destroying our steel mills. And I put a big tariff, and it all stopped. when I did that, it all stopped. And we took in hundreds of billions of dollars, and it all stopped.(01:25:24)And we slashed foreign steel exports. All these exports that were pouring in, they stopped to the level of about 25%. Nobody could believe it. And I hadn’t even started yet. We were just getting ready. We were going to make this country richer than it had ever been before. In the 1890s and 1880s, our country was actually the richest it ever was. They had to form committees to determine, how are we going to spend this vast wealth? We had so much wealth, relatively speaking, so much wealth, more than anybody by far. And they formed up blue ribbon committees. “How are we going to spend the money? We don’t know how to spend it.” Wouldn’t that be a nice problem to have?(01:26:12)We were a tariff country. And McKinley was President. William McKinley was actually a great president, was assassinated, by the way. He was assassinated. Being president is a very dangerous profession. If you’re an auto racer, you know how many people die? About one-tenth of 1%. If you’re a bull rider, that’s dangerous. That’s more dangerous than playing in the NFL, right, fellas, what do you think? I think it’s a little more. I don’t know. It’s pretty dangerous. We got a couple of big, big deals over here, but I think that bull riding stuff, that looks bad. One-tenth of 1% about the same as the auto racing.(01:26:50)If you’re president, take a look, it’s about 5%, 6%. That’s a lot better. But it’s only good if you want to do one thing. You want to make your country strong and wonderful and great, and that’s what I’m doing. But it is a dangerous profession, and we can’t let it be a dangerous profession. We have to have better everything.(01:27:15)Actually, we have to have better respect from countries that look at us because we have to let them… I’m still waiting for Biden to say, “If you do anything to this guy that I hate, I hate Trump. But if you do anything to him, we’re going to blow your country to pieces.” And then you wouldn’t need all this glass up here. You wouldn’t need all the glass.(01:27:37)And other presidents have said that. And even if it’s your opponent, and even if it’s somebody that helped them force you out of an election, which I didn’t want to do, but you got to do that, regardless. Opponent or no opponent, you got to let a country know that you’re going to play around, we’re going to blow you to pieces, and then everything will stop. It’ll be amazing.(01:27:57)But today I’m honored to receive the endorsement of three union locals representing US steel, Mon Valley. And if they want, I’d like to call them up to the stage, including union leaders, Brian Pavlak and Richard TK, and Jason Zugeis. Would you come on up here, fellas? These are good-looking people. Good-looking guy. Yeah. [inaudible 01:28:38].",100,12,2.33784457168977,"real"
"pennsylvania macks truck","Oh, yeah. You guys can say something too. Thank you [inaudible 01:28:39] thank you very much. That’s great.",101,6,1,"real"
"pennsylvania macks truck","[inaudible 01:28:44] yeah, yeah, it’s pretty simple. It’s pretty simple.",102,2,0,"real"
"pennsylvania macks truck","Would somebody like to say something?",104,2,NA,"real"
"pennsylvania macks truck","Please, go ahead.",105,1,NA,"real"
"pennsylvania macks truck","Good.",106,3,NA,"real"
"pennsylvania macks truck","Thank you.",107,2,NA,"real"
"pennsylvania macks truck","Thank you. We’re going to get a lot of-",108,2,NA,"real"
"pennsylvania macks truck","Yeah, let’s go. Come on. Let’s do it real fast, guys. Thank you. Thank you, everybody.",112,3,0.707106781186548,"real"
"pennsylvania macks truck","Thank you, let’s take a picture, come on. [inaudible 01:31:27] Got it?",113,2,NA,"real"
"pennsylvania macks truck","Let’s go. We [inaudible 01:31:33] thank you.",115,2,NA,"real"
"pennsylvania macks truck","Thank you.",116,2,NA,"real"
"pennsylvania macks truck","Thank you very much. That’s a lot of strength up here, a lot of great people, actually, Thank you very much, have a good time.",117,10,0.577350269189626,"real"
"pennsylvania macks truck","Thank you very much. Thank you very much. They said you did stay. We really did. We saved the steel industry in this country. Now we’re going to make it really powerful again, along with autos. Great guys, great people. Those are great people. And that have been beaten up for a lot of years unfairly because we had stupid politicians or corrupt politicians, I’m not sure which.(01:32:32)I’m also honored to have the overwhelming endorsement of the rank-and-file membership of the Teamsters. That never happened before, never happened before, never happened before. And also we have something else, the law enforcement. Virtually every group in the United States from law enforcement, every single group. The sheriffs, the police, the Fraternal Order, 400,000 police, they all endorsed me, so thank you very much. Thank you. I don’t think she has one. She’s a disaster. She want to defund. She was involved in defund the police. I think when you defund the police, that’s the end of that.(01:33:20)With four more years of Kamala, Harris, Pennsylvania will be an economic wasteland. That’s going to happen. And I’ll tell you with me, you’re going to make more money than they’ve ever made before. You’re going to have the best salaries, the lowest taxes. You’re going to be doing better than you ever did. And we’re going to put this into motion fast. You can do it very fast. It’s very simple too. Kamala’s inflation has already cost the typical family over $30,000 in higher prices, and now she wants to raise typical family taxes by nearly $3,000 a year. Just take a look at this video please.",118,16,1.75119007154183,"real"
"pennsylvania macks truck","I’m Donald J. Trump, and I approve this message. You know what they said to me up here? “We like the overtime the best.” I said, “yeah, [inaudible 01:34:39]” You like the overtime, right fellas? That’s it. I figured you had something. That’s right. You’re not worried about the tips. You like that overtime, right? But a lot of people like the tips. And if you’re a senior, you know what you like. You want the Social Security, no tax on Social Security. Think of no tax. No tax on Social Security benefits for our seniors. And they deserve it because you know what? Inflation with their fixed income, mostly fixed income, inflation has absolutely destroyed our seniors and other people that are on fixed income. So I will also make interest on car loans fully tax-deductible. That’s a big deal.(01:35:21)They said, one of the top guys on Wall Street called up and he said, “We have an incredible situation here. Where did you come up with that?” It’s like the paperclip. I said it the other day, like 125 years ago, some guy took some steel and he bent it around a little bit. He came up with a paperclip and other people looked at it. He made a lot of money, very rich man. And they said, “Why the hell didn’t we think of it?” The one having to do with the deductibility of car loans, so simple. And the top guys on Wall Street, real geniuses, they called up. They said, “How did you think of that? It’s so simple.” But to have the American dream, you want to have a car, and I think this is going to be fantastic for Detroit and South Carolina and Tennessee and all of the areas that produce cars.(01:36:11)One thing I have to say, also. We have, in Mexico, and I’ve been talking about it for the last year and a half. China is getting ready to build massive car plants, massive, which would wipe out Michigan, would hurt you, but would wipe out Michigan. Detroit would be gone. And they’re the biggest plants in the world. I have a friend that does that. He builds plants. He doesn’t do anything else. All he wants to do is build plants. And I called him up a year ago, a little more than that. I said, “I want to see a plant. I want to go see a plant.” You think Biden calls people up and says, “I’d like to see a plant?” I don’t think so. He wants to go to sleep, and she wants to do other things. We don’t know what they are. We’ll find out, unfortunately.(01:36:54)No, but I said, “I want to see a plant.” He said, “Well, I can’t really take you to the US because we’re not building the good ones, but the big ones are being built in Mexico.” I said, “What do you mean, Mexico?” They’re being built by China, and they’re the biggest in the world, actually. One plant will be doing more than all of Michigan. So I said, “This is not good.”(01:37:15)And then they think they’re going to take the cars, build them, and sell them over to the United States, or go around the little horn and sell them to the United States, and destroy our automobile. And it would. It would destroy. So I said, “I’ve had it,” and I started talking about tariffs. We’re going to put massive tariffs on these companies that are coming in and destroying our jobs and our companies.(01:37:39)And so I went very public with it for the last four months about tariffs. I love tariffs. I love tariffs. What they can do for you, income and protection, and even third-party things you can do just by the threat of tariffs. Because we’re the pot of gold. We won’t be the pot of gold long if we don’t do something. So I was making a speech the other day in Detroit at the Economic Club, which is a great place, beautiful. And talking about cars, and I saw the man that is the great car factory builder who I know, John, I won’t give his full name, but John. And I saw him and I said, “Could I see you after the speech?” I made the speech. I went to see him. I said, “How are those plants coming, the big ones in China?” They said, “Sir, they just canceled them because they think you’re going to get elected, and they don’t want to build them because they won’t be able to pay tariffs.”(01:38:33)We just canceled them. I didn’t even do anything, and I just saved Detroit. I just saved every car-making state. No, but think of it. And I thought to myself, “Just the threat of tariffs, they canceled these multi-billion dollar auto factories,” auto machines is what they really are. Now, will I get credit for that? I don’t think so, but we know. But he just said, “Because of you, they think you’re going to get elected. They think you’re going to charge tariffs that are so much that it won’t be possible for them to survive.” And China just canceled those big, beautiful factories that would’ve destroyed our country in terms of auto making. And I think it’s great. And now people are starting to see it. They’re saying, “That was a pretty good thing to do.” I didn’t even do anything. Just a mere threat of that beautiful word kept what we have.(01:39:32)Don’t forget, a lot of it’s been taken over 50, 60 years. We were the greatest powerhouse. We will have that back soon. I think we can compete with it. We will have that back soon. We’re going to have so many auto plants and so many steel plants built in this country now. So simple too. It’s so simple. And I’ve been talking about this for the last couple of months, and people are starting to understand it. They’re starting to understand it. And China does it. They’ve been doing it for a long time. They say, “We don’t want your cars. If you want to build a car, you build it in our country.”(01:40:09)They did it with Harley Davidson in India. They charge a 200% tariff on a motorcycle. They said, “If you want to do this, you have to build it. We don’t want your motorcycles. We’re going to charge you 200. Harley Davidson said, “We don’t sell any in India. Tariff’s too high.” I said, “What are you going to do?” They said, “We’ve got to build a plant over there, sir.” We’re the only one that doesn’t do it because we’re ruled by corrupt and stupid politicians. But we’re doing it now.(01:40:35)As we build our economy, we’ll also restore our borders. For four straight years, Kamala has imported an army of illegal alien gang members and migrant criminals from prisons and jails. They come from insane asylums and mental institutions and all around the world. They come from Venezuela to the Congo. They come from the Congo now. A lot of them are coming out of the jails of the Congo, and she’s resettled them into our communities, to prey upon our innocent American citizens.(01:41:09)No, we’re not going to do that. When I win on November 5th, the migrant invasion ends and the restoration of our country begins. We’re not going to have it.",119,12,2.39045721866879,"real"
"pennsylvania macks truck","Thank you. And every day, Kamala is using migrant flights and her phone app. Do you believe they have a phone app for the criminal cartels to call up? “Hello, this is Jose Rodriguez. I’d like to know where do I dispose of my illegal migrants?” And they tell you where to drop them. Can you believe it? The only thing worse are the flights.",120,-6,2.44948974278318,"real"
"pennsylvania macks truck","They have planes flying over our border, a big beautiful Boeing, 727, 737s, and just like that beautiful plane over there. Isn’t it a pretty plane? 757, 767s, they have planes flying back and forth, loaded up with migrants only going one way, by the way, to flood Pennsylvania, Ohio, Michigan, and Wisconsin, that’s what they’re doing, and the entire Midwest with thousands and thousands of illegal migrants. And many of these are very dangerous people. They’ll look at you, they’ll cut you up, and they won’t even think about it as just one example. The 4,000 person town of Charleroi, Pennsylvania has seen, listen to this, a 2000% increase in the population of illegal migrants. Think of that, 2000% increase in the population of illegal migrants under Harris. She doesn’t want to be called border czar, but you know what? I don’t care. She was in charge of the border. This deficient, this mentally deficient president put her in charge of the border, and she never went there, not once. And she never….(01:43:24)When the border patrol last week endorsed me so strongly, I asked them, “How often did you speak to her? You were dealing with her.” They said, “Sir, we never spoke to her once.” I said, “Who did she speak to?” There were like 40 guys on the stage, all the leaders of the border patrol. She said, “Not one of them did she speak to, not one.” Pennsylvania is not going to take it anymore. One of the deadliest and most vicious migrant gangs that Kamala has imported into our country is the savage Venezuelan Prison Gang Tren de Aragua. Has anyone heard of it? You’ve heard of MS-13 these are right in the same category. You don’t get any meaner or tougher, but they’re taking over apartment complexes like I do. I’m in the real estate business also. Isn’t it… They do it differently. They do it with guns. I do it with financing. And unleashing a violent terror spree all across America. This is happening all over. Let’s watch.",121,-1,2.16490489093937,"real"
"pennsylvania macks truck","And it’s that way all over America. And I say it’s a much bigger… The polls are saying that the biggest problem is inflation and the economy. I say that’s a bigger problem. I’d move inflation and the economy to number two. That is a bigger problem because that’s destroying the fabric of our country. The United States is now an occupied country, but November 5th, 2024 will be liberation day in America. It’s going to be liberation day. Under Kamala Harris, 13,099 illegal alien convicted murders are on the loose right now in the United States of America. Can you believe it? Just this week, two illegal alien members of the same savage Venezuelan gang were arrested in New York for robbing, shooting, and murdering a 59-year-old man in a Connecticut hotel. One of these illegal alien monsters was a got-away. Do you know what that is? These are the illegal got-aways. And the other was caught, but then released into our country by Kamala Harris and her horrible, horrible free open borders. Immediately upon taking the oath of office, I will launch the largest deportation program in American history.(01:47:41)We have no choice. I don’t want to do it. The record right now is Dwight Eisenhower, a moderate president that couldn’t stand… He just couldn’t stand what was happening with the border many years ago. Dwight Eisenhower, General Eisenhower, he’s a good president, but he was a moderate person, but he has every record. He just couldn’t stand watching the borders be crossed by people that weren’t citizens of our country. I will rescue every town across America that has been invaded and conquered, and we will put these vicious and bloodthirsty criminals in a jail or kick them out of our country immediately. They will get sent back to where they came from. We have no choice.(01:48:21)And to expedite removals of Tren de Aragua and other savage gangs, I will invoke the Alien Enemies Act of 1798. Can you believe that? We couldn’t have an act like that now because now everything’s woke. We have woke generals like Milley and Mattis. We have woke people. They don’t do things like this, so we had to go back to 1798 when we had real people running our country. The Alien Enemies Act of 17 gives us tremendous power to the President to do what’s right, to target and dismantle every migrant criminal network operating on American soil. And if they come back into our country, it’s an automatic 10 years in jail with no possibility of parole. So when they come back, if they come back… When they hear that, they won’t come back. And if that’s not good enough, we’ll make it 20. And I’m also calling for the death penalty for any migrant that kills an American citizen or a law enforcement officer, right?(01:49:43)Kamala’s invasion is also bankrupting Medicare and Social Security. She wants to give millions of illegals the benefits you work for your entire lives. And by the way, by talking about education, social security, all of the different benefits. That’s why people are pouring up into our country. If you say you’re not going to get it, they won’t come. They’re coming because we say, “Come on up” like that idiot governor from California, Gavin Newsom, Gavin Newsom. Did you see the other day he signed a bill that you are not even allowed to ask a person whether or not they have voter ID. If you ask them, it’s a criminal penalty. If you say, “Sir, I’d like to see your voter ID,” they want to put you in jail for saying that. We are not going to stand… I’m going to get that thing overturned so fast. He just signed the bill. Because we want, ultimately, one-day voting, we want paper ballots, we want voter ID, and we want proof of citizenship, and we’re finished.(01:50:50)And we’ll have quick fair elections that will cost 8% of the cost of these very beautiful fancy machines that go up to Mars and around and down and all over the place. You ever see this, where they have machines? We spend all this money in machines, and then they announce we expect to have the results like seven days after the election. If you had paper ballots, you get them at 10 o’clock. France went to paper because what we did didn’t work. The mail-in ballots didn’t work. France had them. And you know what? Didn’t work. There was a lot of theft, a lot of things going on. They went to paper ballots, same-day voting, 38 million votes. Everything was done by 10 o’clock in the evening. No people complaining, nothing. I will protect, for a fraction… By the way, for a fraction of the cost, I will protect our seniors and ensure that federal benefits are for Americans only. I just want them to be only for Americans. Kamala is telling you if you vote for her, it’s four more years of the same. Take a look.",122,-24,2.22301573134311,"real"
"pennsylvania macks truck","That’s it. You’d do nothing different than the worst administration in the history of our country? The happiest person in life, he just turned over 100 years old now, he’s over 100, he turned a few weeks ago, Jimmy Carter, he’s the happiest man around. You know why? Because he looks brilliant compared to this administration. The Carter administration is brilliant compared to these people. He didn’t destroy our country at the border. Pennsylvania, if you want to end this disaster, you must get out and vote. You have to go and vote. Get everybody you can. And ladies and gentlemen, we can start really well. There’s a man. I’m going to call him up real quickly. His name is David McCormick. He’s a great man, been successful at everything. He’s smart, he’s tough. Everything he did turned out to be great, and I think this is going to be just the start. Vote for him for the Senate.(01:54:33)Your particular senator right now is a total stiff. Thank you. Who says he’s my best friend. He just announced he’s for me with tariffs. I don’t know the gentleman. This is the guy that’s going to do it, David McCormick.",123,9,2.64365067451978,"real"
"pennsylvania macks truck","Thank you very much, David. David’s a good man. And he’s going to really represent you, and he’s going to work with us on getting your taxes down, et cetera. We’re also joined by representatives, John Joyce, great guy. Where’s John? Hello, John. Dan Meuser, who’s fantastic, my friend, all my friends, and Byron Donalds of Florida. And also, I tell you, if you’re a football fan, these guys are good. I guess they’re going to the game a little bit later or something. Are you going to the game? Are you going or you’re going to watch it on television? Former NFL stars, Antonio Brown. Oh, he was a good player. He was a good player. And Le’Veon Bell, really good players. And Mike Wallace. Come on up, fellas. Come on up.",124,15,0.707106781186548,"real"
"pennsylvania macks truck","Have a good time. Thank you.",125,5,0.707106781186548,"real"
"pennsylvania macks truck","They look good. We’re also deeply honored to be joined by gold star family members of the service members, several of them who gave their lives in Afghanistan. So, so horrible, so horrible that this had to happen. They’re friends of mine. Many of the families are friends of mine. I’ve gotten to know him over this, and it’s just horrible. Should have never happened, would’ve never happened. Corporal Hunter Lopez and his family is here. We’re honoring these people. Corporal Humberto Sanchez, Staff Sergeant Taylor Hoover, Sergeant Nicole G., and Corporal Kareem Nikoui. Thank you very much. Great people. I got to know them very well. Should it never, ever happened. 13, 13 people and many, many so badly injured. We have to talk about them. I talk about them all the time with the legs and the arms and just obliteration. So I want to thank you all very much.(01:59:06)Thank you for being here. Thank you. I also want to thank Elon Musk, because when I called him on North Carolina and Georgia, as you know, they had almost no… Especially in North Carolina, they had no communication. The lines were all down a few weeks ago with Hurricane Helene. And I called Elon. They said, “Do you know Elon Musk?” I said, “I happen to know him. What do you want?” “We need Starlink.” I said, “What does Starlink? Tell me, please. Give me a lesson. Tell me.” And they told me, “It’s basically great communication, and up to a satellite and back.” And they said, “We just have to have it. We can’t get it because it’s very hard to get.” And I called Elon and he had it there literally in moments. It was amazing how fast he got it there for them. So I want to thank Elon for doing that. That was great. People of North Carolina. So we’re working very hard for Pennsylvania. But in breaking news, it was just announced that the highly respected Florida judge who is overseeing our case against the Pulitzer Prize Board for awarding their once highly respected prizes to the failing New York Times and the Washington Post. These are really fake news papers. Call them fake news papers, but they’re fake news, Russia, Russia, Russia stories. They got the Pulitzer Prize for Russia, Russia, Russia. Turned out to be a fake story. So I figured, what the hell, on your behalf, I’d sue their off. And he’s ordered discovery to move full speed ahead. He wants it to go. That means that we will be able to learn the full scale of their lies, deceit, and wrongdoing, and we’ll hold these radical lunatics accountable for the lying that they’ve done to the American people. What they’ve done is incredible.(02:00:59)Think of it. They got the Pulitzer Prize for their great reporting on Russia, Russia, Russia, and then it turned out to be a hoax, and now everybody knows it. So I want them to return those Pulitzer Prizes, and I think lots of damages should be awarded to a lot of different people. So here are the facts. Kamala Harris is a radical left Marxist rated even worse than Bernie. She destroyed our economy. She was an original creator of defund the police, and anybody who wants to defund it could not be president of the United States. We cherish our police, and we’re going to give them back their respect and their dignity and let them do the job, and crime will fall. Kamala Harris vowed to abolish ICE. These are tough people. I know a lot of tough people right in this first few rows. They’re not tough like these guys.(02:01:57)As California Attorney General, she redefined child sex trafficking, assault with a deadly weapon, and rape of an unconscious person as totally nonviolent crimes. She pledged to confiscate your guns and endorsed a total ban on handgun ownership. She even called for free sex changes for illegal aliens and detention at taxpayers expense. She lied about working at McDonald’s, a simple thing. I think very soon, maybe tomorrow or something, I’m going to work the french fry.(02:02:36)I think I’m doing it tomorrow, and I think it’s in a place in Pennsylvania. And I’m going to stand over that french fry. She lied about her… It’s a very basic thing to say. They’ll say… Oh, look at all that press. That’s lot of press. But they’re going to say, “Oh, it’s so basic.” It is basic, but the basic is easier to understand. She said, as part of a resume, for years, I worked at McDonald’s. It’s probably tough, but she never worked there. It turned out to be a hoax. So on top of all of this, Kamala turned on our military and wants to make them woke. Take a look at our real military. Just take a look at it.",126,-19,2.48982054558282,"real"
"pennsylvania macks truck","That wasn’t exactly woke. So in conclusion… And thank you for being here, everybody. This is beautiful. We’ll get you out real fast. We are you going to get you to go watch that game tonight, right? We really do appreciate this kind of crowd, and the love that we’ve had is incredible. But with your vote this November, we are going to fire Kamala Harris. We are going to save America. We’re going to rebuild our nation for citizens of every race, religion, color, and creed. With your support, we will teach our children to love our country, honor our history, and to always respect our great American flag. We’ll cut your taxes, demolish inflation, slash your prices, raise your wages, and turn the United States into the manufacturing superpower of the world. We will hire American, buy American, build American, and show the whole world that the American dream is back, bigger, better and stronger than ever before. I will end the war in Ukraine, stop the chaos in the Middle East, and prevent World War III. And I’m the one that can do it. I’m the only one that’s going to do it.(02:06:15)I will crush violent crime and give our police the support, protection, and resources. And we have to give them respect again. We’re going to give them respect like they’ve never had. And they’re going to get rid of crime, and they’ll get rid of it quickly and efficiently. We cannot live with the kind of crime that we’re living with in our country today. We will strengthen and modernize our military. I rebuilt our military, and now we’re going to modernize it still further. We will build a missile defense shield all made in the USA, including the Commonwealth is going to build a lot of it. We’re entitled to it. We’re entitled to it. Others have it. We want it too. And we will land an American astronaut on Mars. Get ready, Elon. Get ready. We got to land, and we got to do it quickly. But a lot of that has to do with military, the space.(02:07:11)I created Space Force, and it’s going to go down. In my opinion, it’s just about the most important with time of the forces. We were way behind Russia and China, and now we’re leading them by a lot. It’s a great thing, Space Force. First time in 82 years since Air Force that this happened. We will rebuild our cities, including our capital in Washington D.C., making them safe, clean, and beautiful again. We will get critical race theory and transgender insanity the hell out of our schools, and we will immediately keep men out of women’s sports.(02:07:51)I will defend religious liberty, I will restore free speech, and I will defend the right to keep and bear arms, our second amendment. And we’ll end sanctuary cities and stop illegal immigration once and for all. We want people to come into our country, but they have to come in legally. After years of building up foreign countries, defending foreign borders, and protecting foreign lands, we will finally be going to build our country, defend our borders, and protect our American cities, suburbs, and towns. We will protect them like they have never been protected before. We will not be invaded. We will not be occupied. We will not be conquered. They’re doing. This is an invasion into our country of a foreign military. We will be free and proud as a nation again. Everyone will prosper, every family will thrive, and every day we’ll be filled with opportunity and hope.(02:08:58)But for that to happen, we must defeat Kamala Harris and stop her radical left agenda once and for all. It will happen, will happen. We want a landslide that’s too big to rig. So early voting is underway. Get everyone and vote. After all we have been through together, we stand on the verge of the four greatest years in the history of our country. These will be four of the greatest years in the history of our country, and it’s going to happen quickly. With your help, from now until election day, we will redeem America’s promise, and we will take back the nation that we love. We are one people, one family, and one glorious nation under God. We will never give in. We will never back down, ever, ever, ever, and we will never, ever surrender. Together, we will fight, fight, fight. We will vote, vote, vote, and we will win, win, win like we have never won before.(02:10:11)November 5th will be the most important day in the history of our country. And together, we will make America powerful again. We will make America wealthy again. We will make America healthy again. We will make America strong again. We will make America proud again. We will make America safe again. And we will make America great again. Thank you, Pennsylvania. Thank you. God bless you all. God bless you.",127,47,1.8662240508021,"real"
"huntington place detroit","Thank you everybody. Thank you. Thank you very much. And a very, very special, we love this place. We love Detroit. Thank you very much. And hello to Michigan. We win Michigan, we win the whole ballgame. Thank you very much. I’m thrilled to be back in this incredible state with thousands and thousands of proud, hardworking American patriots. Thank you very much, everybody.(02:27)So I’d like to begin by asking a very simple question. Are you better off now than you were four years ago?",128,20,1.21498579258791,"real"
"huntington place detroit","Not even close, and our country’s not better off, that I can tell you. Early mail-in voting in Michigan is now underway. So here in Detroit, early in-person, voting starts tomorrow, so get the hell out and vote. You got to get out and vote. With your help, 18 days from now, we are going to win the state of Michigan. We are going to defeat Kamala Harris, and we are going to quite simply make America great again. We’re going to do it. We’re going to do it.(03:15)Detroit has such great potential, but Kamala and the Democrats have been wreaking havoc on this place, this very, very… In many respects, it’s a sacred place. So many things happened in Detroit and it’s been treated so badly. And they’ve been talking about comebacks for so long, but we’re going to bring it back better than it ever was, better than it was many, many years ago.(03:41)We’re going to make Detroit great again. We’re going to make it great again. They have been talking about it for years and years and years. For generations, this city and state where the world capital of automotive production and one of the great manufacturing centers in all of history. No matter where you went, this was the greatest in all of history. But year after year, globalist politicians like Crooked Joe Biden…",129,7,2.69342634102837,"real"
"huntington place detroit","… Sold you out and let other countries loot, pillage and plunder our wealth, our jobs, and our dreams. And they did that here more than any other place in our country. 40% of Michigan auto jobs were annihilated. After NAFTA and China’s entry into the World Trade Organization was a disaster for your beautiful place, your beautiful city, and frankly your beautiful state. Detroit was decimated. That’s right. Detroit was decimated as if by a foreign army. It was no difference. Our factories were left in ruins. And under Kamala Harris, this year alone, the United States has lost nearly 50,000 manufacturing jobs. They’re doing a terrible job. Did you see her interview the other night? She said, “Essentially I’d keep it the way Biden had it.” That’s great, that’s great. He got out because of the way he kept it. She’ll keep it the same way. U.S. car sales are down 38% since I left office. But with victory in November, we’re going to take back what is ours. And it is ours. We’re going to take it back. We’re going to bring back our jobs, our dignity, and our dreams. And standing before you tonight, I am proclaiming to the people of this state that by the end of my term, the entire world will be talking about the Michigan miracle and the stunning rebirth of Detroit. And this will be a real rebirth.(05:54)Under the Trump administration all who have robbed you, raided you, ransacked you, and abused you will discover very quickly, America will not be taken advantage of anymore. We were taken advantage of for years, for decades. We will reclaim our stolen wealth, and the days of Detroit’s economic glory will return greater and stronger than ever before. Promise. And I know how to do it. Oh, do I know how to do it… I will put Detroit first, I will put Michigan first, and I will put America first. And that’s the way it is.",131,11,2.52305161930631,"real"
"huntington place detroit","As we speak, China was building a gigantic auto plant in Mexico. You know about that. And really more than one. Don’t worry about it. I took care of it for you, took care of it. It’s already done without even closing the big deal, which is the presidency. I’ve already got it done. Of course, if she got in, she has no idea what the hell she’s doing. She’s grossly incompetent, worse than him. Then I cannot tell you what’s going to… I can tell you. They’ll build the plant. I can tell you. But it’s already done. They think they’re going to sell all of their cars into the United States and destroy Michigan. But it’s not going to happen. It’s not going to happen. I promise you.(07:57)Now they’re building giant plants, and now they just announced something which is going to save Detroit. Because you would not be able to compete with this plant, the biggest in the world by far. Friend of mine builds them. He said the biggest in the world. He wanted to show it to me. I said, “No, thank you. I have other things to do.” I want to see the plants built in the United States. That’s the ones I want to look at. So I said to him, “John,” a year ago, “I want to see a plant.” And he said, “Sir, we’ll have to go to Mexico.” I said, “I don’t want to go to Mexico. I want to look at one here.” I said, “There’s no big ones being built in the United States.” I said, “That’s bad.” I said, “How big is it in Mexico? The biggest in the world?” I said, “So they’re going to make cars and sell them in here.” Kill Detroit, kill Michigan. You wouldn’t have anything left. You wouldn’t have anything left.",132,-12,2.27407752098045,"real"
"huntington place detroit","So the other day I was speaking… A couple of weeks ago, I was speaking at the Economic Club of Detroit, which was nice. Made a nice speech. And what happened? I saw John, who’s the biggest and the best auto builder. That’s what he does. He builds plants. I don’t know if he can build anything else. I’m not sure he can build an apartment, but plants he’s very good at. And I hadn’t spoken to him in a year. He was telling me about this massive plant. And I spoke and I explained how I’m going to put massive tariffs, very big tariffs on anybody in Mexico that’s selling cars that are going to hurt our business here. And I said to him, “How’s that plant coming along, John?” And he said, “Sir, they just told me it’s over. They’re not building it. They think Trump is going to win. He’s going to impose tariffs and it’s worthless.”(09:37)You owe me big. You owe me. You owe me. So they stopped construction. They’re not building it. And Detroit will survive. But now we got to make it more. Now we’re going to build the plants. So I’m going to do, sometime next week, I’m going to call the people building the plant. Very big wealthy company. It’s backed by China. It’s China, you know? It’s China. It’s in Mexico, but it’s China. And I’m going to say, “Build your plant in the United States.” We want people to build plants in the United States, employ our people. That’s what we want. And if you do that, it’s a whole different story. And ideally they’ll build it right here in Detroit. And we’ll get Detroit moving, and others will come also.(10:33)So vote Trump, and you’ll see a mass exodus of manufacturing jobs from Mexico to Michigan, from Shanghai to Sterling Heights, and from Beijing to right here in Detroit and other cities all across America. Because a strong auto industry will make all of Detroit richer, boosting suppliers, real estate and your entire economy. And I’ve been reading. Seriously, I’ve been reading about Detroit for so long, the comeback. This is the real comeback. This isn’t artificial stuff. This is the real comeback.(11:14)You better vote for me. So very simply… It’s not overly complex. Some people don’t understand it. If you watched Bloomberg the other day, you would’ve seen the CEO of Bloomberg interview me, and I think he understood it. And I think the Wall Street Journal now understands it. Because to me, the most beautiful word in the dictionary… It’s not love, it’s not respect…",133,24,1.81497042594606,"real"
"huntington place detroit","Well, thank you everybody. Thank you. So now what happens is I won’t pay the bill for this stupid company that rented us this track. I won’t pay the bill and then we’ll have a story that Trump didn’t pay the bill to a contractor. No, when they do the kind of a job, don’t pay the bill. That’s terrible. They also had a little problem with energy coming into the building, but I’m not blaming it on that. But here is my plan. Do we have fun?",136,-3,2.39791576165636,"real"
"huntington place detroit","And can everybody hear perfectly now?",137,3,NA,"real"
"huntington place detroit","I don’t like the mic anyway. I didn’t like it from the minute I started. And this is important because we’re doing things here that are really going to be amazing. So let me know and if it goes out again, I’ll sue the ass off that company. We’re going to sue him. Then they’ll say what a horrible guy Trump is. He’s a terrible guy. Starting in January, we will give our companies the lowest taxes, the lowest energy cost, the lowest regulatory burdens, the free access to the best and biggest market on the planet. That’s us. But only if they make their products here in America and hire American workers for the job.(31:53)And if these companies don’t make their cars and products here, then they will pay a tariff. A very stiff tariff when they send their products into the United States for the privilege of competing with our workers and our cherished companies. We’re going to protect our companies. We’re not going to let them steal our companies like they have in the past. We’re going to call this policy build it in America plan. Because when foreign leaders and CEOs call me up to complain about our tariffs, my answer will be very simple. Build it in America. Very simple.(32:35)And to be specific, build it in Detroit and we’ll give you good electricity. Or build it in Dearborn, or Lansing, or Grand Rapids, or Flint. Flint. The centerpiece of this plan will be a 15% made in America corporate tax rate. So we brought the rate down and you saw this from close to 40% to 21% and you’ve already had that. Nobody thought it could be done. We got it down to 21. Now we’re going to get it down to 15%, but only if they build it in America. Does that make sense?(33:22)And for those who don’t make their product in America, they will be forced to pay tariffs and we will take in hundreds of billions of dollars toward our budget. We’ll pay down our debt. We’ll reduce your taxes still further. I give you the largest tax cut in the history of our country and we will take in so much money and we will take in so many jobs and we will be bringing for the first time in years and years and decades, companies will be coming to us and they’ll be coming back to Detroit and they’ll love it. Some say my defense of American Jobs makes me a protectionist. And yes, I will protect what is ours. I will protect our workers. I will protect our jobs and I will protect our borders. I will protect our families and I will protect the birthright of our children to live in the richest and most powerful nation on the face of the earth. These pro-worker policies are among the many reasons, and it’s not protectionist, it’s pro-worker. It’s really not protectionist. We’ve had people ripping our country for years, decades destroying. You look outside, you see all the hulks, you see the empty buildings. For years and years they’ve been ripping us off. Now it’s time for us to get it back. We’re going to get it all back.(34:58)These pro-worker policies are among the many reasons why I’ve been overwhelmingly endorsed by the rank-and-file membership of the Teamsters, including 62% of the Teamster members and there are a lot of them here today. Stand up please. Teamsters, we love you. Thank you, thank you, thank you very much. Kamala does not even pretend to have a plan to save Detroit because she knows her agenda will reduce your future to rubble. He’s not going to… Her plan will drive every company, even small businesses out of our country or out of business. It’s a disaster. It is a disaster.(35:41)Kamala’s inflation has already cost a typical family over $30,000 in higher prices and now she’s proposing to raise the typical family’s taxes by nearly $3,000 a year. So watch these two videos. Let’s see if they have some electricity going to them please. And it would be nice if the television cameras could watch them also because they don’t do that.",138,9,2.23987621411217,"real"
"huntington place detroit","I’m Donald J. Trump and I approve this message.(38:14)Thank you. Thank you very much. This is the worst mic I’ve ever had in my life. This is the worst. The tax queen is also demanding a shocking 33% tax hike on all domestic production along with the largest capital gains tax hike in the history of our country. In other words, she’s going to tax your companies and you out of business. The companies are going to leave and you’re going to end up with the same message you’ve had for the last 40 years. In total, our proposals are estimated to kill almost a million full-time jobs under Kamala, who knows absolutely nothing about what we’re doing. It will be economic Armageddon for Detroit. You go back further… Very simply, we’re going to make it great. We’re going to make it so good. You’re going to have jobs coming in like never before.(39:18)Under Trump we’ll turn this city into the most powerful jobs magnet in the history of the world. Upon taking office, I will immediately begin to eliminate every job killing regulation in the books. We eliminated more than any other President in four years. There’s never been a President that eliminated more times five. As a senator… Oh, this one here, Kamala. You know I’d like to call her Harris, but nobody knows who the hell I’m talking about. You ever see that? Like you say Harris, “Who the hell is Harris?” As a senator, Kamala voted to impose a 100% ban on gas powered cars and trucks, which would kill an estimated 200,000 U.S. auto jobs.(40:10)On day one of the Trump administration, I will terminate Kamala’s insane electric vehicle mandate and we will end the green news scam once and for all. We will quickly become energy independent and we will frack, frack, frack and drill baby drill. I will cut your energy prices in half within 12 months. So listen, I will cut your energy prices in half, 50%, 5-0. Cut them in half within 12 months of taking office. That’s going to bring everything down. I will massively cut taxes for workers and small business and we will also have no tax on tips, no tax on overtime, and no tax on social security benefits for our seniors.(41:11)I will make interest on car loans fully tax-deductible. And we will… They will be so listen to that. What will that do for the cars? Fully tax-deductible interest on a car. You buy a car and you get a deduction. Wall Street called me up. They said, “How the hell did you think of that idea?” That’s a good one because affording a car is essential to restoring the American dream and you’re going to have the American dream. Finally, I haven’t had it in 50 years. Working with Elon Musk… Is he good or what? I saw that rocket come down three, four days ago. That sucker was coming down. I said, “Oh my God, I never saw anything like it.” I was on the phone with a friend. I’m talking about something. I don’t know, something maybe having to do with Detroit. Could that be possible?(42:06)But I’m talking on the phone and I see the screen is on and no sound. And I’m saying, “Wait a minute, I have to put the phone down. I don’t believe what I’m seeing.” And I saw that big monster coming down that big… It’s like a twenty-story building or something coming down. The engines are glowing and they’re firing and spitting. And I said, “It’s going to crash. It’s going to crash into the gantry, don’t crash.” And then you see another engine take it perfectly and lands right at the spot that it took off. I said, “That must be Elon. He’s nailed it. Nobody else.” It must be Elon. So I called up Elon. I said, “Elon, was that you?” He goes, “That was me.” I said, “Who else can do it?.” “Nobody.” I said, “Can Russia do it?” “No.” “Can the U.S. do it? Meaning the U.S. outside of you?” He said, “No, nobody can do that.” I said, “You’re the coolest. That’s pretty.” And he endorsed me long time ago actually saying It’s the most important election we’ve ever had.(43:14)But working with Elon Musk, we will cut trillions of dollars in government waste. He’s very good at that. He knows better than anybody. It won’t affect anybody other than it’ll look awfully good and it’ll help bring our country back. I want to thank also Elon for campaigning so hard in Pennsylvania. Do you know he actually feels this? Can you imagine? He just lands his biggest landing anyone’s ever seen and he leaves for Pennsylvania to campaign for me. Can you imagine that?(43:46)And he also, and we got to say this. I went to North Carolina, which really was hit hard. Georgia too, really hit hard. But in North Carolina they had no communications. It was like they were an island unto themselves. And I said to the people, “What can we do?” He said, “We have no communication. People are dying. It’s a mess.” They said, “The federal government, Washington is doing a terrible job. Sir, do you know Elon Musk?” I said, “I happen to know him. He endorsed me. What’s the problem?” He said, “Can you get Starlink?” I said, “What the hell is Starlink?” And they explained it to me. I’m a fast study. It didn’t take too long. So I called up Elon and I was saying, “Elon, we’re in North Carolina. The people are really… It’s devastation here. It’s unbelievable. They have no communication to the mainland. It’s like it cut it off. It’s incredible. The water was never… We’ve never seen anything like that.”(44:44)I said, “Elon, Starlink.” It’s very hard to get by the way, because it’s very successful, very hard to get. I said, “Can you get Starlink, a lot of those suckers? Can you get them for North Carolina and parts of Georgia?” And I was talking to him about it and all of a sudden I get a call in the other line. It’s the man from North Carolina. “Thank you sir, for getting the Starlink.” I said, “I haven’t even finished my conversation.” Now think of that. I said, “Elon, I haven’t even finished my conversation. And they’re already saying, you sent.” “That’s right. I did that. I do two things at one time. I can do that.” So he’s great. He saved a lot of lives, I think, and he really… And by the way, the Starlink worked perfectly. As soon as he got there was perfect. So thank you to Elon for that he did a great job.(45:38)And if we do all of this, our flag will fly proudly once more over the gleaming new factories and the whole world will witness Michigan’s resurgence. Wealth will flood into our country and into the hands of our great workers. And that is the future that awaits for Detroit under a certain gentleman named President",139,7,2.07446927109243,"real"
"huntington place detroit","… President Donald J. Trump. Have you heard of him? It’s going to be real. It’s going to be real. As we rebuild our economy, we’ll also restore our borders. Did you ever see anything like what’s coming through our borders? Criminals, drug dealers, prisoners, people from mental institutions. For four straight years, Kamala has imported an army of illegal alien gang members and migrant criminals from prisons and jails, insane asylums and mental institutions all around the world from Venezuela to the Congo, and she’s resettled them into your communities to prey upon innocent Americans. I happen to think it’s the worst thing that’s happened. I think it’s worse than inflation. I think it’s worse than a bad economy. I think it’s the worst thing that happened to us.(46:58)21 million people. When I win on November 5th, the migrant invasion ends and the restoration of our country begins. I have no choice. One of the deadliest and most vicious migrant gangs that Kamala has imported into our country… Or to say it a little differently, Kamala, but I don’t give a damn if I pronounce it right. Who the hell can pronounce? It’s the savage Venezuelan prison gang, Tren de Aragua. Do you know them? It’s a very nice group of young gentlemen, very fine people. There were gang members in Venezuela. We let them into our country. By the way, they’re taking over parts of cities all over the place. But in Aurora, Colorado and communities in all 50 states, this gang is terrorizing law-abiding citizens, including taking over multiple apartment complexes. You have to take a look at this. Take a look.",140,-19,2.53150088525091,"real"
"huntington place detroit","Just so you know, we have the most dangerous criminals in the world in our country now. We never had anything like this. These are the most dangerous criminals in the world. They make our criminals look like very nice people. That’s about the only thing you can say. But they are the worst among the worst people and they come from all over the world. I thought it was 158 countries. Last week, they reported it’s 181 countries. They’re coming from all over the world. They’re emptying their prisons into our country, mental institutions, into our country, and they’re taking their street gangs, and their drug dealers, and terrorists are now in our country. 21 million people came in under their rule and she was in charge of the border. She’s a grossly incompetent person and we can’t let this happen. We have to get the hell out and vote and get them out of here.(50:52)The United States is now an occupied country. How about that? Do you ever think you’d be hearing that? We’re an occupied country. We’re being occupied. If you have a million person army, that’s a big army. They’ve got millions and millions of people. If they just take a small percentage of them, they’d have six million-man or woman army. Think of that. They’ve let these people into our country, they’re emptying out the jails all over the world, the mental institutions all over the world, they’re coming in. I think it’s the biggest problem we have. I don’t care. Deflation and inflation, it’s all bad stuff, but this is… The polls say the biggest problem is our economy, which stinks. The second-biggest problem is inflation, which is worst we’ve ever had. And the third is our border. I think the border is the first biggest problem [inaudible 00:51:59] three. But November 5th, 2024 will be Liberation Day in America.(52:22)And when I get rid of this microphone at the end of the speech, it’s going to be Liberation Day for Donald J. Trump because I’m blowing out my voice to get this sucker done. I’m blowing out my voice. But I’m going to get through this speech because you’re from Detroit. We’re going to turn this place around. We’re going to make sure that electric current comes into it like it should. Liberation of Donald Trump. Good night, folks. That’ll be… That’s terrible. But I think it’s okay. I mean, you can hear it. If I scream like hell into the mic, I think good for you, not so good for me. But that’s okay. That’s what my life has been about for the last 10 years. And that’s good because we love you. We’re going to turn it all around for you. Under Kamala Harris, 13,099 illegal aliens, convicted murderers are on the loose in the United States. Immediately upon taking the oath of office, I will launch the largest deportation program in American history. I have no choice. We have no choice.(53:36)I will rescue every town across America that’s been invaded and conquered, and I will put these vicious and bloodthirsty criminals in jail or kick them the hell out of our country, which is my number one [inaudible 00:53:49]. To expedite removals of the Tren de Aragua gangs and other savage gangs like MS-13, which is just as bad. We have by the thousands now. I took them out by the thousands and they now are coming back in by the thousands. These people, what they’ve done to our country, I can’t even believe it. I can’t even believe it. I will invoke the Alien Enemies Act of 1798, that’s where we had to go, to target and dismantle every migrant criminal network operating on American soil. We will call it Operation Aurora. We want to pay tribute to Aurora, Colorado. The governor there is a radical left Democrat. He is petrified. The guy just don’t want to walk out of his mansion. And if they come back into our country, it’s an automatic 10 years in jail with no possibility of parole. So we keep them out.(54:56)And I am hereby calling for the death penalty for any migrant that kills an American citizen or a law enforcement officer. Kamala’s migrant invasion is also devastating our great African-American community, stealing American jobs, crushing wages, undercutting the voting power of our own citizens and bringing drugs, crime, and death to our country. We’re devastating the African-American population, they’re taking their jobs. It’s terrible. It’s terrible. And also Hispanic, they’re taking a lot of Hispanic jobs. And the jobs created by Biden are all being taken by people coming into the country illegally. So it’s terrible. Yet Kamala says there is nothing she would do differently. Listen to this, she’ll do nothing differently.",141,-31,2.25022400318638,"real"
"huntington place detroit","She destroyed San Francisco. She destroyed California along with Gavin Newscum. Destroyed it. Did you say when Newscum said that you’re not allowed to even ask for voter ID? If anybody asks somebody for voter ID, it’s considered a crime. You know why? Because they want to cheat. There’s only one reason why. We want to be very careful. Detroit, if you want to end this disaster, you must get out and vote. You have to get out and vote right now. And with that, I’d like to acknowledge some of our great friends and he just spoke, so I don’t want to have to waste his time. But he did just speak and he’s great. He’s one of our really true leaders in this country. We’re all lucky to have him running for the Senate. Mike Rogers. Where’s Mike? Mike, thank you, Mike.(58:51)And I don’t want him to get up and use this crappy microphone that they sent. I don’t want him to do that. I want to keep him good and healthy. Unlike Trump, I want him to have his voice tomorrow. When I get up tomorrow and I can’t speak, I’m going to say Detroit did it to me, but that’s… We’re also pleased to be joined by a future star and, really, a current star. He’s a great guy. He’s a friend of mine. Congressman… Do you know who he is? Byron Donalds. Congressman Donalds, thank you. Thank you, Byron. He’s a great guy. He’s a great guy. Thank you very much, Byron. Michigan House Republican leader, Matt Hall. Matt, thank you, Matt. How are we doing here, Matt? We doing good? Going to win? I hope. We got to win. So far, we’re winning. And Senate Republican leader, Eric Nesbitt. Thank you, Eric. Thank you very much, Eric.(01:00:02)A man that I said, “You got to do this. You got to do it.” He wasn’t sure if he wanted to. He had a great career. I said, “I’m sorry, Pete Hoekstra. You got to do it. You got to become the GOP chairman.” Ambassador Pete Hoekstra. Thank you, Pete. Great job. So, Pete, are we going to win? Thus far, I hear like, “Way above projection. We’re not even talking about polls anymore. These are way above projection.” A man who is probably more knowledgeable about autoworkers for Trump and autoworkers, period, and who knows exactly what we’re doing. He’s a member of the union, but he’s not happy with what they’re doing with the whole thing, what they’re doing. They’ve lost a lot of jobs over the last few months and it’s going to continue until you have no jobs in this country. We’re not going to let it happen. We are going to have more jobs and it’s going to be more powerful as an automobile capital than it was in its heyday, 60 years, 70 years ago.(01:01:10)It’s going to happen. It’s going to happen fast. Brian? Brian, stand up. Pannebecker. Brian Pannebecker, thank you very much. Thank you, Brian. And Dr. Massad Boulos, great friend of mine, and Michael Boulos, my son-in-law, he’s a wonderful young man. Stand up, please. That’s good. That’s good. He got lucky, he married Tiffany, and they’re having a baby. A beautiful little baby. We also have a man highly respected in Michigan, Imam Husainy. Imam, please, wherever you may be, stand up. Thank you. Thank you very much. Great. Thank you very much. Great honor to have you. And we have a guy… I made so much money with this guy. He was brutal. He was a brutal man. Happened to come from a place called Detroit, or as they say, Detroit. He says, “I come from Detroit,” which is cool as hell if you’re The Hitman, Tommy Hearns. The Hit Man. Tommy, come up here, Tommy. Come up. Come. Come. Come up here. Tommy the Hitman. We love Tommy. I won so much money betting on this guy. He was brutal. We love that. Look at him. He still looks good. He still looks good. Wow. They have to take… Secret Service has got a little… I don’t know, is there such a thing as [inaudible 01:03:10]? But Tommy is going to have to cross about nine gates. I don’t think so, Tommy. About 25 years ago, he would’ve just hopped over them. Hey, Tommy, you’re still good, huh? You think I could take you now in a fight right now? No, I don’t think so. Look at him. He wants to… Oh, no, he wants to fight. Oh, Tommy the Hitman. Man, oh, man. Some of the greatest fights in history. Oh, look, he wants to come up. We should have him up, right? Come on, Tommy. Man, oh, man. I saw them in the audience. I said, “We got to get… I see a lot of people in the audience. I’m not bringing them up. Come on, Tommy. One of the greatest fighters of all time. And, man, I’ll tell you what, he was something special. And thank you, Tommy. And he looks great, doesn’t he? He looks great.",142,42,2.38623503600522,"real"
"huntington place detroit","Man, could he fight. He was a natural. He had hips a little bit smaller than mine. He had shoulders a little bit larger than mine. See, he went in the right proportion. That’s the way it’s supposed to be, right? Thank you, Tommy. They love him in Detroit, right? They love him in Detroit. Another man that they love in Detroit is a rapper and he’s one of the hottest in the world, actually. Trick Trick. Where’s Trick Trick. Trick Trick. Come here, Trick Trick. Come here. Maybe we should have him do a little rapping or something, huh? Come here. Look at him. He looks good. He looks good. You look good.",143,8,1.67332005306815,"real"
"huntington place detroit","Thank you very much. That’s great. You have some great people here, I’ll tell you. This is a great place. We are going to really make… We are. We’re going to make it great again. Like the country, and we did it, and then we have to do it again because they blew it. They blew it to hell. But we’re going to do it again. Thank you, Trick Trick. Here are some of the facts on Kamala Harris. After talking to The Hitman and Trick Trick, it seems boring getting back into Kamala, but that’s what we got to do. We got to save our country, right? Mr. Wall. Mr. Wall, stand up please. This guy is great. He’s a wealthy guy. He made a lot of money. He comes to… How many would you say? You’re at 350 or something? He’s got a lot. This guy’s got lots of cash and I love his… Someday, I’m going to wear one of them to a rally.(01:07:37)Actually, I think it would be well-received because we built 571 miles of wall, we had it made, we were going to build another 200 miles of wall, and then they decided to sell it for five cents on the dollar. But we’re going to get it done. We built much more than I said I was going to build. And we had the safest border in the history of our country. By the way, my all-time favorite graph, can we put it up? That’s my all-time favorite. Illegal immigration saved my life, if you think about it. But that arrow in the bottom, that’s when I left office. That was the lowest point of illegal immigration, and that included drugs and so many other things. It was just everything. But it was also… They dealt with so many different elements of different forms of crime, the people that were coming in. And look what happened after that. Look at that. So that was me. That was me in the last day, and then you look, it was like",144,5,2.56026269256595,"real"
"huntington place detroit","… Like a rocket ship. It was like Elon Musk set the rocket ship up and that was loaded up with criminals of the worst kind. And that’s what we have now in our country. And it’s worse than that, because that one, I want to keep it just the way it was. I’m not going to change it at all. But the numbers on the right, they continue for a long time. It’s just an amazing thing. But we love that piece of paper. We love that chart more than any. I sleep with it. I kiss it every night. I do have that throbbing feeling in my right ear, throbbing feel. But that’s okay. That’s great. Thank you very much. So that was the best in history. That was the best in recorded history, anyway. That was the lowest. It was the day I left office, they had human trafficking at a level, the lowest level. Now it’s about 12 times. Sorry. And they traffic in women, they traffic not, I mean in children, but they traffic in women more than any other thing. It’s a horrible, you wouldn’t even believe it could be possible. So thank you very much. I just wanted to see if you had that. I looked to the right and a lot of things happened. And you know, we went to Butler a few weeks ago and we had a celebration. 101,000 people showed up. 101,000. Butler, Pennsylvania, 101,000 people showed up and it was a beautiful tribute to Corey, the great firefighter.(01:10:29)He was a great guy, a big, big Trump fan, and two other wonderful gentlemen were really hurt badly. They thought they were not going to make it and the doctors did an unbelievable job, and they’re getting better and better and better. But that’s a rough thing. That was some evening, I will tell you. But what was really something, and we had an opera singer that was so incredible, right? We had an opera singer that was incredible. We had the Belles of Notre Dame. Now, they were recorded. We tried bringing them over, but they wouldn’t let us do that. But we had a moment of silence. Then the bells rang and then the opera singer sang, and we had Ave Maria by Pavarotti. We had a whole night. It was an unbelievable tribute. It was a tribute to him. 101,000 people.(01:11:23)Kamala Harris is a radical left Marx, is rated even worse than Bernie Sanders and even worse than Pocahontas. Does anyone know Pocahontas? The great Pocahontas, they said, “You should never use that term. Please apologize.”(01:11:39)I said, “I’d like to apologize to the real Pocahontas for…”(01:11:47)Kamala destroyed our border. She destroyed our economy. She was an original creator of Defund the Police movement. Anybody that wants to defund the police even for one day, we don’t want them. They’re not worthy of being the President of the United States. If you have that ideology, and she does, she’s a Marxist, communist, fascist, anything you want. Remember, I said we will never be a socialist country? Remember I said that? I’d said, “We will not be a socialist country.”(01:12:27)And I was right. We skipped socialism, we went down to communism. So I was right. I like to be right. I was right for the wrong reasons, right? Kamala Harris vowed to abolish ICE. These are the greatest people. They’re tough, they’re smart, and they love our country and they take people out that nobody else wants to touch. I have some friends in the front row, they’re very tough. They’re not doing it. They said, we’ll pass. And she wants to get rid of them. She wants to get rid of ICE. She wants to ban fracking, and as California Attorney General, she redefined child sex trafficking, assault with a deadly weapon, and rape of an unconscious person as nonviolent crimes. She pledged, think of that, she pledged to confiscate your guns. Would anybody like to give up their guns? She wants to confiscate.(01:13:22)You feel a little safer when you have all these criminals. Think of it. They allow hundreds of thousands of prisoners to come into our country. Some are murderers, some are drug dealers. They come in and then they say, “By the way, we’re taking away your guns also,” right? They don’t go, “Would anybody like to volunteer to give up your guns? Please raise your hand.”(01:13:44)Oh, we have a one guy. I think I have a feeling he won’t be doing it when they…",145,9,2.40838126140782,"real"
"huntington place detroit","Thank you very much.",146,2,NA,"real"
"huntington place detroit","Good, thank you. Sit down. That’s enough. He’s our friend, but that’s enough. And endorsed a total ban on handgun ownership. She wants to endorse a ban, a big one. She already did. She even called for free sex changes for illegal aliens in detention. How about that one? And most importantly of all, she lied about working at McDonald’s. That’s not a big thing, but can I be honest with you? It’s terrible. But there is a video, we talk about woke and they want to take us woke. And we have a video that I think you’ll enjoy. It’s about when we won two World Wars, when we were the, although we did defeat ISIS in about four weeks. I will tell, we have a great military, but I think you’ll enjoy this. The way it used to be and the way it is right now.",147,10,2.21735578260835,"real"
"huntington place detroit","Pretty cool, right? We won two World Wars. Remember that. We won plenty of others and we defeated ISIS so rapidly nobody can believe it, in a matter of weeks. They said it was going to take five years. We did it in a matter of weeks. In conclusion, with your vote this November, we are going to fire Kamala and we are going to save America. We will teach our children to love our country, honor our history, and always cherish our great American flag. We will cut your taxes, crush inflation, slash your prices, raise your wages, and create the greatest job boom the world has ever seen. We’re going to do that very easily. Very easily. We will hire American, buy American, build American, grow American, and show the whole world that the American dream is back bigger, better, and stronger than ever before. I will stop the… Absolutely darling. And I will stop the global theft of American jobs and turn the US into the manufacturing superpower of the world. I will end the war in Ukraine immediately. I will get it done while I’m President-elect. Stop the chaos in the Middle East and prevent World War III. We are very close to World War III. We are very, very close to World War III, because we have incompetent people. Ukraine would’ve never happened. October 7th would’ve never happened. Inflation would’ve never happened. It was caused by their stupid energy policy.(01:18:18)None of this stuff would’ve happened and we wouldn’t have had that horrible situation in Afghanistan. The most embarrassing moment in the history of our country. 13 dead soldiers, many people dead, many people and soldiers just devastated, loss of legs and arms. All of that wouldn’t have happened. And of course, we gave them tens of billions of dollars worth of brand new military equipment that I bought, I bought and they gave it away to the Taliban. I think it was the most embarrassing moment in the history of our country. And because of that, Putin said, “This is a paper tiger. I’m going to go into Ukraine.”(01:18:58)But he would’ve never done it if I were President. And even the Democrats admit that frankly, I will crush violent crime and give our police the support, protection, resources and respect that they so dearly, they so dearly deserve. We will strengthen and modernize our military. You know, I rebuilt our military, we rebuilt our military, but we’re going to bring it to a next step. We will build a missile defense shield, all made in the USA, a lot of it made right here. And we will put these Stars and Stripes on the surface of Mars, and maybe with the help of Elon, we’ll get it done quickly. We will rebuild our cities, including our capital in Washington, DC, making them safe, clean, and beautiful again. We will, remember this one, we will get critical race theory and transgender insanity the hell out of our schools. It’ll be God. And we will keep men out of women’s sports.(01:20:15)I will defend religious liberty, your right to free speech and the right to keep and bear arms. We will do that. Second Amendment. After years and years of building up other countries, we will protect our borders, defend our families, and protect our American suburb, cities and towns like never before. We will end sanctuary cities and we will stop illegal immigration once and for all. We will put American citizens first. We will put American citizens first, American children first, American patients first. Our American taxpayers first, American workers first, and American communities first.(01:21:10)And we will put communists, Marxists, and fascists last if that’s okay. And they will always be last. They will never make a comeback. They’re getting very close. We’ve got to win this election or they’re going to be there. They’re going to be there. We will not be invaded. We will not be occupied. We will not be conquered. And we will be a strong, proud, and free nation once again. We will defend our civilization, reclaim our sovereignty, and I will give you back your freedom, your future, and your life. Everyone will prosper, every family will thrive and every day will be filled with opportunity and hope. But for that to happen, we must defeat Kamala Harris and stop her radical left agenda once and for all. We want a landslide. And it looks like that could be happening, too big to risk.(01:22:17)Early voting is underway. So get everyone you know and go out and vote. Go tomorrow. It’s just starting. Go and vote. Make sure you vote and bring all our friends that want to vote for us. Tell him, “Jill, get your fat husband off the couch. Get that fat pig off the couch. Tell him to go and vote for Trump. He’s going to save our country.”(01:22:46)Get that guy the hell off our… Get him up, Jill, slap him around. Get him up. Get him up, Jill, we want him off the couch to get out and vote. Bring your friends and get them out. After all we have been through together, we stand on the verge. And this is true. I really believe this, we’re on the verge of the four greatest years in the history of our country.(01:23:11)With your help from now until election day. We’re talking about 19 days. 19. We will redeem America’s promise and we will take back the nation that we love. We have to take it back, because we’ve lost it. We’ve lost it. Nothing will sway us, nothing will slow us, and no one will stop us. We will press forward to our magnificent American destiny and together we will fight, fight, fight and vote, vote, vote. And we will win, win, win. We’re going to win, win, win. And November 5th will be the most important day in the history of our country. And together we will make America powerful again. We will make America wealthy again. We will make America healthy again. We will make America strong again. We will make America proud again. We will make America safe again. And we will make America great again. Thank you and God bless you all. God bless you. Thank you everybody.",148,23,2.11328628654165,"real"
"trump national doral","… cold, very cold summer evening. Then right here in the middle of the 10th hole, beautiful hole, isn’t it? Look at that lake. Isn’t it beautiful? On one of the greatest golf courses on earth and we really want to thank all of the tens of thousands of people that showed up. This is a lot of people. This is a lot of people. As the world can see, we are under the leadership. The Republican Party is bigger, stronger, more vibrant and more united than ever, ever, ever before. Every day we are welcoming more Americans to our ranks. African Americans, Hispanic Americans, Asian Americans, young people, old people, union members, non-union members. Basically everyone is joining our movement because it’s a movement of common sense. It’s common sense. Whatever happened to common sense in government? We’ve got it. We’ve got more than anybody’s ever had.(01:05)Meanwhile, the radical left Democrat party is divided in chaos and having a full-scale breakdown, all because they can’t decide which of their candidates is more unfit to be president. Sleepy crooked Joe Biden or Laffin’ Kamala? Laffin’ Kamala. As you know in our recent debate and in honor of all of you, I dealt Joe Biden, even according to the fake news media, the most decisive and overwhelming defeat in the history of presidential debates. I think so, right? I think so and that was a big crowd that was watching. That was one of the highest-rated shows ever on television, so I’m honored to be a part of it. I don’t think he’s too happy, but I liked being a part of it. Even CNN said as I walked off the stage that it was one of the greatest performances they’ve ever seen, but it was sort of easy if you want to know the truth. Our victory was so absolute that Joe’s own party now wants him to throw in the towel and surrender the presidency after a single ninety-minute performance. They want crooked Joe out of the race. It’s a shame the way they’re treating him, but don’t feel sorry for him. He’s a very bad guy. He weaponized government, remember that. He’s a very bad guy. Don’t feel sorry for him. Tonight I’m officially offering Joe the chance to redeem himself in front of the entire world. Marco and Byron and everybody, here’s what we’re going to do. You guys can be referees if you like. Let’s do another debate this week so that Sleepy Joe Biden can prove to everyone all over the world that he has what it takes to be president, but this time it will be man-to-man. No moderators, no holes barred. Just name the place anytime, anywhere and in the debate Sleepy Joe also declared that he wanted to test his skills and stamina against mine on the golf course. Can you believe this? Did you ever see him swing? He’s like this. That’s why this evening I am also and this is in honor of you and everybody here. This is a 45,000 people. That’s a lot of people.(03:40)I’m also officially challenging Crooked Joe to an 18 hole golf match right here on Doral’s Blue Monster, considered one of the greatest tournament golf courses anywhere in the world. One of the great courses of the world. It will be among the most watched sporting events in history, may be bigger than the Ryder Cup or even the Masters and I will even give Joe Biden 10 strokes aside. 10 strokes. That’s a lot. That means 20 strokes in case you don’t play golf. I will give him 10 strokes aside and if he wins, I will give the charity of his choice, any charity that he wants, $1 million and I’ll bet you he doesn’t take the offer, I would bet because he’s all talk, but what that match will do is prove that Joe is in fact all talk and no action, but on many things, not just golf. When pilots walk into the White House, he says he used to fly planes. He didn’t. When truckers come in, he says he used to drive a truck. He didn’t. When Jewish people are here, he always attended synagogues, he said. He didn’t attend a synagogue. Did he ever see a synagogue? He doesn’t know what a synagogue is. When black people come, he spent his Sundays in black churches. All of it’s false. All of it’s fake. He’s a fake.(05:19)Unfortunately, he was like that in Afghanistan. He was like that with Russia, Ukraine and he was like that on October 7th and the attack in Israel. He didn’t know what he was doing, but whatever else can be said about Crooked Joe Biden, you have to give him credit for one brilliant decision, probably the smartest decision he’s ever made. He picked Kamala Harris as his vice president. No, it was brilliant because it was an insurance policy. Maybe the best insurance policy I’ve ever seen, Marco. If Joe had picked someone even halfway competent, they would’ve bounced him from office years ago, but they can’t because she’s got to be their second choice. She has no choice and no chance.(06:11)As Vice President, Kamala Harris was given two jobs, two very important jobs actually. First, she was put in charge of the U.S border security and the border and she never showed up. She’s never gone. She never went there once and the border’s the worst border in the history of the world, not just in the number of years. We had the best border in history. She has the worst border in the history of the world and then she was sent to Europe to deter Russia from attacking Ukraine. How did that work out? Not too good. Both times the result was a deadly failure. Since Kamala was made border czar, the Biden-Harris administration has lost track of an estimated 150,000 children, many of whom have undoubtedly been raped, trafficked, killed or horribly abused. Think of it, 150,000 children are missing. Missing. They’re gone. Nobody knows where they are. Many are not with us any longer.(07:18)She’s 100% for the Green New Scam. Supports banning the sale of gas-powered cars. Who wants to drive an electric car for the rest of your life? Does anybody? You don’t want to drive for 45 minutes and then stop for three hours, is that what you… Once the American energy industry totally shut down, starting with Pennsylvania fracking and Texas drilling, no drilling in Texas, no fracking in Pennsylvania. We just got a poll from Pennsylvania, we’re 12 points up. That’s a lot. You got a poll from Texas we’re 16 points up and we have some great people from Texas here tonight.(07:59)As a senator, Kamala sided with socialist Bernie Sanders. He’s a real socialist. He’s serious, but not as bad as Biden turned out to be. Bernie is embarrassed by some of the things that Biden did because they push him around. It’s the ultra-far-left government takeover of the entire healthcare system and I don’t think Kamala Harris California socialism is going to go down well with the people of Doral, the people of Miami or the people of Florida because in Florida we don’t like socialism. We want our freedom, right? We want our freedom. We have a lot of people, Marco, from Cuba, from Venezuela, from all over and they don’t want to hear about socialism or communism. Thank you. Despite all the Democrat panic this week, the truth is it doesn’t matter who they nominate because we are going to beat any one of them in thundering landslides. This November is going to be amazing. It’s going to be the most important election in the history of our country because our country’s going down the tubes. That’s a nice way of saying our country’s not doing too well. We’ve never had anything like it. Our borders, our economy, the worst inflation ever. We have the politics on our side. We have the policies on our side that will make America great again and they don’t. They will only continue to destroy our nation. Our nation is being destroyed. Joe, Kamala and the entire Democrat establishment have been caught red-handed in the thick of the biggest scandal and the biggest cover-up, it’s cover-up, that’s what it is. I said it when they hid this guy in the basement and then they cheated on the election. It’s a cover-up. It’s the biggest cover-up in political history.(10:02)As you know, they are all co-conspirators in the sinister plot to defraud the American public about the cognitive abilities of the man in the Oval Office. Sometimes these days, he’s not there often. Laffin’ Kamala. L-A-F-F-I-N apostrophe. Laffin’. Laffin’ Kamala was in on it. Crazy Nancy Pelosi, who by the way, is also very cognitively impaired. Have you watched her lately? She’s not doing too well. She’s not doing too well. I think she’s worse than Joe, you want to know the truth. She was in on it. Crying Chuck Schumer. You ever see him cry? He cries. The phonyest crying I’ve ever seen. Crying Chuck Schumer was in on it. Every Democrat cabinet member was in on it. They all knew this guy was grossly incompetent and every Democrat in the house in the Senate was in on it. It was a scam. The American people can never trust this group of liars ever again. They’ve put our country at great risk and danger. That’s why we are going to sweep them all out of office this November. I believe it’ll be an election like no other, but the biggest problem for the radical left Democrats is that their candidates are very much, if you take a look, mentally deficient. Is that a nice statement? They are mentally deficient. I’m saying that because the other term is too tough.(11:32)The biggest problem is that their policies are no good. Their policies are horrible. Americans want strong borders, not open borders. We want low taxes, not high taxes. They want to increase your taxes four times, by four times. We want a strong military, not a woke military. We don’t have a woke. We have some woke generals at top it, but they’ll be gone so fast your head will spin, but we have a great military. We have a military that defeated ISIS in four weeks once I got in. We want no inflation, not 30 or 50% inflation, which is what you had. Think of it. You were destroyed. People were destroyed with the inflation. I don’t even order bacon anymore. Bacon’s gone up like five. I said, it’s too expensive, I don’t want it. I don’t want it. No, it’s gone up many times, right? Byron likes bacon. Bacon. Stand up Byron. Byron. How good is Byron? They say it’s gone up four times, four times, so we don’t eat bacon anymore, right? No more.(12:39)We want American energy independence, not all electric cars and the Green New Scam. It’s the greatest scam. Above all, we want America first, not America last. They want America last. What they’re doing to our country is not even believable, that’s why Florida is going to defeat the radical-left Democrat hoaxers and liars on the election day. We are going to tell Crooked Joe Biden, Joe, you’ve done a horrible job, you’re fired. Get out, Joe, you’re fired. It’s only 103 degrees out here. They built all these… Sir, we have many water spots. I said, what about one for me? Do I have one? I don’t have one, Marco. They gave water spots. Everybody has a, call it a water spot. Well, water comes out. They don’t have anything for me, I’m being drenched up here.(13:52)With your vote, I will begin saving our country from every Biden disaster starting the moment I lift my hand from the Bible after taking the oath of office. We’re going to do it on day one. On day one, we’re going to do it. I will seal the border, stop the invasion. We have an invasion coming through our southern border. By the way, you know who wants that invasion stopped the most? Hispanic people because they don’t want their jobs taken. They don’t want their homes taken and you know who it affects the most is black people because these people are coming in and taking jobs at a level that nobody’s ever seen before. What they’ve done to our country is unbelievable, but we want to send Joe Biden’s illegal aliens back home where they belong. Remember, as I said, they come from prisons, they come from jails.(14:48)All these countries are at record low numbers of crime. They’re sending us their criminals from Caracas and Venezuela, Caracas Venezuela. Next year we’ll meet in Venezuela because it will be safe. Their crime has gone down 72% because they’ve sent all of their drug dealers, their criminals and most of their prisoners into our country, but that’s true with most countries and if I were running one of the countries throughout the world, not just in South America, I would be doing exactly the same thing. I would’ve done it faster than they’ve done it, but our country’s being destroyed.(15:23)Two weeks ago, it was revealed that Biden and Harris have allowed more than 50 radical Islamic terrorists, some of the worst in the world, by the way, to cross our border and remain at large in our country and we have no idea where they are. They have no idea, also, where these terrorists are, but Joe and Kamala are simply carrying on with business as usual, holding fundraisers, taking afternoon naps and as Joe says, I want to go to the beach today. The guy thinks he looks good in a bathing suit. Somebody in his staff told him, you look great in a bathing suit. He can’t lift a chair. Those chairs that are meant for children and old people to lift, old people and children and he can’t lift them. They weigh about four ounces. When I’m president, I promise you this, I will not rest until we have found these radical Islamic terrorists and throw them the hell out of our country. We’re going to get them out of here and we will not let them back in. So many people, so many people, very few were thrown out, but the ones that came back in during this Biden administration of open borders, who the hell wants open borders? How crazy is that?(16:33)Under the Biden border disaster, other countries are emptying out their prisons in their jails. They’re emptying out their mental institutions and I go a step further. You know what an insane asylum is, right? Did anyone ever see the lovely movie Silence of the Lambs? Have you seen it? Did you ever hear of Hannibal Lecter? He was a lovely man. He would love to have you for dinner. He will take you. He had many people for dinner. Well, we have a lot of people coming in. They always say, oh, that’s terrible that Trump would say. He is rambling about Hannibal Lecter. No, I’m not rambling. We are allowing people from insane asylums and mental institutions into our country by the tens of thousands and they’re closing them down in other countries. You know the cost savings and all of the savings and sending bloodthirsty terrorists, savage gang members and child predators into the United States to prey on our people, to prey on you, to prey on everybody. They’re coming not only from South America, but from all over the world. From Asia, Africa and every other place. They’re coming from all over the world.(17:41)Two weeks ago I spoke to the grieving mother, Jocelyn Nungare, a precious twelve-year-old girl from Houston who was tied up, stripped, assaulted, raped, strangled to death, after walking the block to a 7-Eleven store on the corner. Her body was dumped near the side of the road in a shallow creek. Charged with Jocelyn’s heinous murder, beautiful, beautiful girl. The mother is devastated. I mean, pretty much I would say over. I don’t know. I spoke to the mother. The mother is just, as you would be, as anybody would be, but charged with Jocelyn’s heinous murder are two illegal aliens who Joe Biden set loose into our country. He let them loose and they knew who they were. They came across our border claiming they feared for their lives. No other people feared for their lives when they saw these two guys. They didn’t fear at all. They had no fear. Tough, tough people and Joe Biden and his group of people let them in. We’re going to bring back, by the way, we’re bringing back Tom Homan. We’re bringing back all of the guys that did such a great job on the border. We had the greatest border in history. Brandon Judd, great people. These are great people.(19:04)One of them was in the country for only 20 days before ending Jocelyn’s beautiful American life and recently in Virginia at Trump National Golf Club in the Potomac River, I had lunch with the mother and the sister of Rachel Moran. Rachel was a 37 beautiful mother of five who was attacked, raped and brutally murdered while out on a run. She was running. She always wanted to keep herself in good shape, her mother told me. She was a beautiful person. Police believed the sadistic monster charged with Rachel’s death first killed another woman in another country, then fled across Joe Biden’s wide-open border into the United States, after which he attacked a 9 year old girl and her mother in a home and home invasion in Los Angeles, before murdering Rachel in Maryland. When I return to the White House, we will stop the plunder, rape, slaughter",149,-41,2.31854621814114,"real"
"trump national doral","… Border and destruction of our American suburbs and cities and towns. We’re going to stop it. We will shut down deadly sanctuary cities. I will shift massive portions of federal law enforcement to immigration enforcement. We will close up our border and we want people to come in, but they have to come in legally. They have to come in legally. And on day one, we will begin the largest domestic deportation operation in the history of our country. We have no choice. And as I say, and I say it all the time, and I already said it to you, no one has been hurt more by the Biden invasion than our great African American and Hispanic American populations. Under crooked Joe, 109% of all net job creation over the last year has gone to migrants. Did you know that? Almost every job that was created has gone to migrants. In fact, more than every job. It’s crushing wages for American workers, draining resources for American citizens and stealing American jobs, and they are stealing them at levels that nobody’s ever seen before.(21:12)Joe Biden wants to be the president for illegal aliens, but I will be the president for law-abiding Americans of every background, every walk of life and every race, religion, color and creed. Joe Biden’s job numbers are fake. They’re fake numbers and the fake media knows it, but they don’t look at all of them back there. Oh, that’s a lot, Marco. That’s a lot, Marco. I think they probably think I’m going to be announcing that Marco is going to be Vice President. I don’t know, because that’s a lot of press. That’s a lot of press. They’re also overwhelmingly part-time jobs, which really means that there are second jobs of people who are struggling to get by. They’re being taken by the illegal migrants that are coming into our country in these record numbers. We’ve never seen anything… It is indeed an invasion.(22:07)When I return to the White House, I will once again be the greatest jobs president that God has ever created. And like we had five years ago, six years ago, seven years ago, we will have full-time jobs at a level that nobody’s ever seen before. We had the greatest economy in the history of the planet. Well-paying jobs and jobs that can support a home and a family very, very easily. We had it all. As everyone knows, the Biden economy is a nightmare for working families under crooked Joe, inflation price hikes and they’ve caused, listen to this, $28,000, $28,000. And under Trump, you made $14,000. That’s a big swing. Under Biden and Harris, half of Americans are not taking a vacation at all this summer because they can’t afford to do it. Most say it’s because the cost of daily life is so high. No matter what they make, they can’t because they like to say 20%, 29%, 26%, 31%. I think your inflation, your real inflation is way over 50%, and I believe that.(23:21)Meanwhile, crooked Joe has spent almost 50% of his presidency on vacation. Almost all of it, including many, many weeks on the beach and mansions are in… Think of this. Here’s a guy that’s been a politician all his life. He’s got homes in the Virgin Islands, Nantucket, Lake Tahoe, Kiowa Island. Where the hell did they get all this money, Byron? He’s got more homes than I do. What the hell is going on with him? And that home he’s got in Delaware is pretty nice, right? Remember, they said it was his son’s home. His son is running it, right? You know that, right? You know that? He’s running our government and Jill is helping. Jill is helping. Where’s Hunter? Remember the sign, ‘Where’s Hunter?’ Where’s Hunter? He’s in the White House. Hunter is in the White House running government right now, they say. That’s interesting. No wonder Joe doesn’t want to give up the job. His own staff says that the only hours he works are 10:00 A.M. to 4:00. Does anybody here have a job like that? Raise your hand, please.(24:40)And I doubt he even spends that. And today he’s with the people from NATO, and these people are sharp. I know them very well. Every one of them, they’re very smart. They’re at the top of their game and they’re saying, “What the hell is with this guy? We can’t figure it out.” I saved NATO because when I went down… Hey, Barack Hussein Obama. Has anyone ever heard of him? He would go and go to wherever they’re holding the NATO meeting and he’d make a nice speech and he’d leave, and Bush would go and make a nice speech and he would leave. In all fairness, Bush, Bush, oh, yeah. But he’d make a nice speech and he’d leave. They’d all go make speeches and they’d leave. They wouldn’t even stay there a day. I went and didn’t make a nice speech. I said, “What the hell are you doing? Nobody’s paying.” Nobody was paying, but I didn’t want to be obnoxious because I felt it’s the first time I’d ever done this. I went, I didn’t even know what the hell?(25:36)NATO was too much before, but it didn’t take me long to figure it out, like about two minutes. And the first thing I figured out was they weren’t paying. We were paying. We were paying almost fully for NATO. And I said, “That’s unfair.” But I didn’t want to make a big mess. I was president for about 15 minutes and I didn’t want to go after NATO as my first thing. But six months later, I went back to the second meeting and I said, “You know what? You’re not paying your bills. You got to pay your bills.” Somebody stood up from one of the countries, 28 countries, and only seven were paying what they should be paying. 28 countries. Think of that.(26:13)And these countries… Now we added a couple, but 28 countries. And they said, “Sir, could I ask you…?” I said, “You have to pay your bills.” They said, “Sir, may I ask you a question? If we don’t pay our bills, will you protect us from Russia?” I said, “You mean you’re delinquent?” They said, “Yes, we’re delinquent. Let’s say we’re delinquent. Would you protect us?” I said, “No, I will not protect you from Russia.” The money came in by the billions, it came in. There has never been, right? There has never been… Where’s Waltz? Where’s Congressman Waltz? Am I correct? This guy loves the military. He gets sick when he looks at what we’re doing, but he loves it. Is that right? I got billions and billions. Hundreds of billions of dollars came pouring in because they said, “Oh, this guy’s a little different than the other guys.”(27:02)But Joe Biden is a part-time president while you are working overtime to get by. He’s a part-time… He doesn’t work. Well, he can’t work because he’s mentally no good. He’s shot, but he was shot 25 years ago. He was never a smart person. In fact, Ted Kennedy was actually a friend of mine. Can you believe it? Because of Palm Beach. He lived in Palm Beach. The Kennedy compound, for those that think the Kennedys are struggling, they had the Kennedy compound. But I did him a favor and he liked me and I was very good to him actually. And I said to him, “Ted, let me ask you a question. Who’s the smartest Senator? Tell me?” And he gave me a name, but I won’t say it because I can’t stand the guy. Okay? I’ll tell you later, Marco, who he said. It wasn’t you because you weren’t there yet. So [inaudible 00:27:49].(27:49)But I said, “Who’s the smartest?” He gave me a name. I said, “So who’s the dumbest?” He goes, “Probably Joe.” This is like 20 years ago, 20-something years ago. ” Probably Joe.” I said, “Who’s Joe?” He said, “Joe Biden.” I said, “Really? He’s a dumb guy?” “Yeah. He didn’t understand policy. He didn’t understand tax, he didn’t understand anything. He’s hale and hearty and well-met.” And outside of his really bad hair, he’s sort of a good-looking guy at the time, right? I think the facelift did not help him, didn’t. No, he said, “I’m going to get myself a facelift. I’m going to give it one more try.” He tried it three or four times, didn’t work. He tried it three or four times. Then he said, “I’m going to look great. I’m going to get a facelift.” You know what took him so long to get into the race? The facelift didn’t work.(28:43)Under my leadership, we will make America affordable again so that every American family can afford to take a thing called a vacation. Isn’t that nice? And on day one, we will throw out Bidenomics and replace it with a thing called MAGAnomics. We will quickly build the greatest economy in the history of the world. I will repeal every disastrous Biden regulation, of which there are many, cancel crooked Joe’s insane electric vehicle mandate. How stupid? And we will drill, baby drill. We’re going to drill like we never drilled before. We were energy independent four years ago. We’re going to be energy dominant within months. Four years ago, energy independent. I will deliver large tax cuts, larger than you even have now.(29:36)Do you know? I tell the story to people, it’s hard to believe, I reduced taxes, the largest tax cuts in the history of our country. I reduced them, bigger than the Reagan tax cuts many years ago. And with a lower rate, the following year, we took in much more tax money. Think of it. So we’re getting much less. That meant for small businesses, large businesses because that’s what the job creators are, for middle income people, low income people, everybody. And he wants to let that expire. And if you do, your taxes are going to go up about five times, four times to five times more. How would you feel if they raised your taxes by four or five times, not two? And remember that. Remember that when you’re going into the voting booth, “Do I want to have a terrible president who has no idea where the hell he is? And less importantly, do I want to pay four times more tax?” And remember, what I’m going to do is something that nobody has ever even thought about doing.(30:36)No tax on tips, for all of you waitresses, for all of you caddies at Doral. I came to Doral and there were some caddies at the shack. We call it caddy shack. It’s the most beautiful caddy shack I’ve ever seen. We have the world’s most beautiful. They sit down and watch television, and I never had this before. They were out for a round. They’re very sweaty, very, very sweaty guys. Look, they’re carrying bags all over the place. Not easy. It’s 100 degrees out today, 103, 104. And they saw me and they gave me the biggest hug. I said, “Get the hell out of here. You’re soaking wet.” I said, “Why do you like me so much today, but in the past, you never touched me and kissed me and hugged me?” “It’s very simple, sir. No tax on tips. Thank you very much.” So for caddies, for waitresses, there’s tremendous… And it’s a very complicated thing, frankly, for the government to collect. But they’ve issued new rules and regulations that make it very bad for people.(31:40)The reason I thought of this, I was in Nevada, where we’re leading by the way, a lot, we’re up by 14 points in Nevada. That’s supposed to be a little bit Democrat territory, but we’re leading in Nevada. And a waitress came over, beautiful waitress. And I never like talking about physical because she’s beautiful inside, because you never talk about a person’s look, ever. You never mention it. The other day, I got very angry. Some man called Chris Christie fat. And I said, “Sir…” And then he said he was a pig. I said, “Sir, Chris Christie is not a fat pig. Please remember that. He is not a fat pig. Please take it back.” And the guy’s looking at me like, “Really?” No, we have to defend people. You can’t call people fat.So I said about nine times, “He is not a fat pig.” So every time you leave a tip for the next four months, because it’s going to go into effect very quickly, make sure that you write on the receipt, “Vote Trump for no tax on tips. No tax on tips.” That’s a good one. No, but the waitress said… I said, “How are you doing?” Worked there a long time. Great person, beautiful person, and she said, “Oh, it’s brutal with the government, what they do to us. It’s crazy.” They come, they put on 88,000 people to go and take advantage of people like that. And she said, “It’s brutal.” I said, “I have a great idea. How about no tax on tips?” That was the extent of my study, one waitress. But it’s true. Isn’t it funny that nobody ever thought of that but me? Isn’t that weird? But it’s a great thing, and they deserve their money. They work hard for it. They deserve it. They deserve it. Marco, you’re going to vote for it, I hope. Well, you may or may not be there to vote for it, but you’ll be involved. It’s no wonder Joe Biden and his thugs are so desperate to stop us. They know that we are the only ones who can stop them. That’s why they are weaponizing law enforcement against their opponents. They are turning America into Communist Cuba or Socialist Venezuela. By the way, Venezuela is much more than Socialist by now. You know that. Right? Who’s here from Venezuela? Who’s here from Cuba? I had it all done with Cuba. If they didn’t rig the election, within six months, we were going to have that all worked out. They were ready. Then Biden came in, right? Then Biden came in. He opened it up. It’s a disgrace. Trying to silence dissent and put their political adversaries behind bars. He wants to put me behind bars. My parents are looking down saying, “This was not planned when he went to the Wharton School of Finance.”(34:26)The great Alphonse Capone, you know Alphonse, a very nice gentleman, very fine man. Scarface, they called him in some territory. He has a scar from here to here. He didn’t get it by playing Tiddlywinks either. No, he was a guy that… See this man right up here, he is a very tough guy. I know him. He’s tough as hell. If he ever had dinner with Al Capone and Al Capone didn’t like him, he’d look at him and say, “Are you mocking me?” And this guy would go, “No, no. I promise, I’m not.” But if Alphonse didn’t like you, you’d never see him again, darling. Your husband would never be home again. He’d right now be a part of a foundation of a very tall building. But Al Capone got indicted less than I did. Think of it. Alphonse Capone. My parents would look down. They were so great. They’re saying, “How did this ever happen to my son?” But you know what? We’re finding out, and everybody knew, and I’ve been saying it’s a total fraud. It was election interference.(35:21)That’s all it was. They’re all Biden indictments, the local ones, the state ones, they’re all Biden indictments. He’s a bad guy, and he’s unleashed a horrible thing on this country. He’s really done. Wouldn’t you say, Byron? He has unleashed a horrible thing because that can happen the other way around too. But the Supreme Court came out with an incredible decision this week, and I have great respect for the courage that they’ve shown. Great, great respect for the courage that they’ve shown. They have great intellect and great insight, incredible insight. They got it. They saw what was happening, not only with me, but with other people. What they did with the Fischer verdict. You know the Fisher verdict, right? That has to do with the J6 people. They had great decisions this last week. Decisions on regulations that are going to free up businesses and allow businesses to hire people and thrive.(36:17)All of their persecution is only happening because I am running for president and leading very big in every single poll. And we’re not just leading against crooked Joe Biden. We’re leading against Kamala and we’re leading against everybody else, and our Senators and our Congressmen are coming in with us. We’re going to have a big, big day, most important day. The radical-left Democrats have spent this entire election posing as defenders of Democracy. You ever hear Biden? “He’s a threat to democracy.” He doesn’t even know what the hell the term is. “Trump is a threat to democracy.” This guy, low IQ, he’s a low IQ individual, but they’re lying in the entire world of Joe Biden’s condition. You see his condition. You see them frantically trying to overturn the results of 50 state primaries and install a new candidate at the behest of their very rich donors.(37:18)Do you know that we took in record numbers over the last four weeks, and most of it was taken in with small donors, $61 on average, $61? And those people vote, but the Democrats, I think that their funding is stopping because I think they have a lot of rich donors. We have some, but we don’t really focus on it. We focus on the small donor. To me, one thing, every small donor votes. The rich donor is there in Monte Carlo during the election. “How’s the election going?” Joe Biden is a threat to democracy. He’s really, he is a major threat to democracy and Democrats are the ones who really want to destroy democracy in our country. The radical-left Democrats rigged the presidential election in 2020, and we’re not going to allow them to rig the presidential election in 2024.(38:16)And every time the radical-left Democrats, Marxists, communists and fascists indict me, I consider it a great badge of honor. I do, because I’m being indicted for you. Never forget, our enemies want to take away my freedom because I will never let them take away your freedom. It’s as simple as that. It’s a lot of fun. It’s a lot of fun being indicted. Thank you. I didn’t know. What does it mean to be indicted?",150,-4,2.14150566462662,"real"
"trump national doral","Thank you.",151,2,NA,"real"
"trump national doral","They want to silence me because I will never let them silence you. And in the end, they’re not after me. They’re after you. I just happen to be standing in their way, and I always will be standing in their way. We’re not going to let happen to our country, what’s happened to so many countries that many of you people were very much involved in through your parents and grandparents. You know what happened to so many of those countries. We’re thrilled to be joined tonight by many fantastic Florida patriots, including a man who’s become really a friend of mine. We had a vicious campaign for a while, and he was tough and he was smart, and I got to really know him well over the years. And he’s a fantastic guy, Senator Marco Rubio. Marco? Thank you, Marco. Thank you. And you have a great tandem because you have another great Senator who was a great Governor, fantastic",152,14,2.3094010767585,"real"
"trump national doral","— fantastic governor. Senator Rick Scott. Thank you, Rick. Thank you. Thank you, Rick. We have a lot of congressmen. Let’s introduce them. What the hell else do we have to do, right? Should we introduce? And by the way, at the end, do you want the music or do you want no music? Music… Ready? Music or no music? Ready? Who wants the music? Who wants a little bit quicker, no music? I think we have music tonight. Get the music ready. Get the music ready.(40:42)We have some incredible talented warriors. Representatives Cory Mills. Cory, thank you. Thank you, Cory. Great guy. Brian Mast. We love Brian. Thank you, Brian. Mike Waltz. Thank you, Mike. Doing great. A man I’m not going to get into a fight with him anytime soon, Byron Donalds, who’s fantastic. His wife, by the way, is a true expert on education. I say, “Stay ready.” Thank you, Donald. Thank you. Thank you, Donald, for being there. Appreciate it. Great, great person.(41:29)Maria Salazar. Thank you, Maria. Great. Thank you very much. Carlos Jimenez. Carlos, good man. Mario Diaz-Balart, thank you. Thank you. Great job. You have a fantastic Lieutenant Governor who’s here, Jeanette Nunez. Jeanette, thank you very much. Thank you. Thank you, Jeanette. Thank you. And Florida State Senators, Debbie Mayfield. Thank you. Thank you, Debbie. Thank you very much. Ileana Garcia, thank you. Ana Maria Rodriguez, thank you. Great people. State Representatives Jessica Baker, Randy Fine. Where’s Randy Fine? Good, thanks, Randy. Kevin Steele, Paula Stark, Juan Carlos Porras, Ileana Garcia, David Barrero, Fabian Basabe. Fabian, thank you. Tom Fabricio. Thank you, Tom. Thanks, Tom. Vicki Lopez. A very good guy, fantastic person, great politician, frankly, but he loves the state, incoming Speaker of the Florida House, Danny Perez. Thank you, Danny. Good job. Good luck, Danny. That should be an easy job. Good luck. And Alex Rizzo. Thank you, Alex, very much.(43:21)A person who I know personally does a fantastic job as the mayor of Doral, Christi Fraga. Thank you, Christi. Thank you, darling. Thank you. Great job. Appreciate it. Vice Mayor Oscar Puig-Corve. Oscar, a vice mayor. Thank you, Oscar. Councilwoman Digna Cabral. Thank you, Digna. Thank you very much. Sweetwater Mayor Jose “Pepe” Diaz. I’ve known him a long time. Pepe. Western Mayor, Margaret Brown. Thank you, Margaret. Boy, we got a lot of… You have no idea. I’m introducing about 25%. We did it by the luck of the draw.(44:06)Miami-Dade County Commissioners, Kevin Cabrera and J.C. Bermudez. J.C., thank you. Great people, great politicians, but good politicians. The next Miami-Dade County Sheriff, Rosie Cordero-Stutz. Thank you, Rosie. Good luck. She has my endorsement. Thank you. Thank you. Ambassador Carlos Trujillo. Carlos, Carlos Trujillo. Thank you, Carlos. Great job you’re doing. A friend of all of ours and this woman is amazing, Laura Loomer. Where is she? Where is Laura? She is amazing. Felix Lasarte. Felix, where is Felix? My lawyer. He’s my lawyer. How am I doing? Am I getting the damn zoning done? He’s doing a great job.(45:05)And my sons and we have one of my sons, this is the first time he’s ever done it. First of all, one you know and he’s an incredible guy, he’s very tough. He’s very, very strong, great speaker, great talent, Donald Trump, Jr. And another son who’s here tonight, I love when my sons and family come. It’s really nice. Somebody who’s fantastic, works so hard, so smart, has a great wife, a great wife, as does Don. Oh, you like Laura, right? Let’s get off Eric, and let’s talk about Laura. Laura’s only the head of the Republican Party. She’s upwardly mobile. She’s upwardly mobile. But a man who’s done an incredible job at the company and is, I think there has never been a human being that’s had more subpoenas every day, Congress would serve a subpoena on him, and he has done some job I’ll tell you, Eric Trump. Thank you. Great job.(46:21)And a very young man. This is a young man. He just turned 18. Oh, look at this. A very young man who’s now going to college, got into every college he wanted to, and he made his choice and he’s a very good guy I’ll tell you. I’m not allowed to call them boy, but he is my boy. He’s my boy. They’re all my boys, right? When you have sons, it can be any age. They’re your boy or they’re always going to be, and he’s a very special guy, Barron Trump. This is the first time he’s ever done this. Barron. Where is Barron? Stand up. Look at him. That’s the first time he’s done it. That’s the first time, right? You’re pretty popular. He might be more popular than Don and Eric. We got to talk about this. Hey Don, we got to talk about this, huh? All right. So Barron, it’s good to have you. Welcome to the scene, Barron. I don’t know. He had such a nice, easy life. Now it’s a little bit changed. Anyway, special guy.(47:55)Also, some grandchildren who are very talented. Two of them are great golfers, really great golfers. You all know about Kai. Where’s Kai? Kai and a real little killer. She hits a long ball for her size. She can barely lift the club until she swings. Her swing is perfect. Chloe. And Don Jr.’s here somewhere, I think. Vanessa is here. Oh, there he is. Good. Hi, Don. What a good group. Vanessa Trump, stand up. Thanks. Thank you, Don Jr. That’s good. Don the third. And also a real friend of the family. She’s been friendly. She started off on The Five years ago and she made that show very successful. She was the star of that show actually, and she was always good to me, a long time, long before I knew her in this capacity, and she was really a big star on television, very, very big. The Five when it was just in its infancy and it was hot as it could be, Kimberly Guilfoyle. Thank you, Kimberly. And she hasn’t stopped. So thank you all for being here.(49:25)And I know I didn’t introduce many, many congressmen and lots of others, but I think we have to get back to the business at hand. Is it too hot for anybody? No. Not bad. Once you get used to the fact that you’re soaking wet.(49:41)From the moment we take back the White House from crooked Joe Biden, I believe we are going to have the four greatest years of the history of our country. Before I even arrive at the Oval Office, shortly after, we, we, all of us together win the presidency, I will have the horrible war between Russia and Ukraine settled, and I will prevent our nation and we will prevent the whole world from entering World War III because that’s where we are. We’re very close to World War III, and Biden doesn’t have a clue. We should have never allowed, if you think about it, Russia, Ukraine would’ve never happened, October 7th, the attack on Israel would’ve never happened. Inflation would’ve never happened. Think of our country if the election wasn’t rigged. Think of it. Think where we’d be if they didn’t rig that election. So we’re not going to let it happen again because our country won’t exist. I believe it would be the last election we’ve ever had if anything happened. I really believe it. We’re not going to let that happen. You got to get out and vote.(50:42)If I was president though, and think of it, Afghanistan, one of the most embarrassing moments in the history of our country would also never have happened. It would’ve never happened. Ukraine, when you think Ukraine, I had a very good relationship with Putin. We talk about it. It was the apple of his eye. Would’ve never happened. I told him, “Can’t do it. You’re not going to do it.”(51:05)October 7th, the attack on Israel, I knew it so well. They had no money because the purveyor of funds was Iran and Iran was broke. They had all sorts of sanctions. Nobody could buy. China couldn’t buy. China was a massive buyer of oil from Iran. I said, “If you buy from Iran, you can’t do business in the United States.” And they did very well in the United States, and they didn’t buy. Nobody bought. Iran was broke. They had no money for Hezbollah, they had no money for Hamas, and we had no terror.(51:39)I always wanted to talk about it when I was president. I was three years in, three and a half years in, I said, “I want to just brag a little bit.” I want to say that we had no terror. There was no terror attacks in four years, but I wanted to brag about it, but I wanted to wait until I got out. And now I brag about it all the time. We had very few terrorists allowed into our country. We had a year 2019 where the charts come out, how many terrorists entered the country. Now, I think they’re wrong because I can’t believe it, but they actually had no terrorists. Zero terrorists came in 2019. That was a Trump year.(52:13)Now we have thousands and thousands of terrorists pouring into our country from all over the world, and they’re the worst terrorists in the world. They’re the biggest and the worst, and we got them living in our country. They actually put down 2019, Trump, no terrorists, zero. I don’t believe that, but that’s what they have. And that was done by border patrol and others, State Department. I’ll take it. I don’t believe it, but it was very close to nothing. And they actually have zero terrorists came into our country. We were tough on it.(52:44)And we would not have Russian warships and nuclear submarines surrounding Cuba 60 miles off our coast. You know that, right? For all of you people in Cuba, congratulations. You’re now being protected by Russia. Congratulations. Can you imagine that the press, the fake news, those people, they don’t even talk about it. We have nuclear submarines and five warships in Cuba, and they don’t even talk about it. If that happened to me as president, it would be the biggest story every single day. But they don’t talk about it because they’re fake and corrupt news.(53:23)When I was in the White House, I canceled Barack Hussein Obama’s deal with the Cuban dictatorship and reimposed tough sanctions on that regime. They were ready to break. They were all set. And then we had the election taken away, robbed, rigged. Joe Biden has gone weak and soft on Cuban communists, as you know. You know better than anybody, so many of you here. And he’s abandoned the brave Cuban dissidents while the Cuban people are suffering, starving and dying in Cuba. Would’ve been all solved very quickly. As president, I will again stand with the people of Cuba in their long quest for justice, liberty, and freedom.(54:06)In my next term, we will build a great iron dome over our country, a dome like has never been seen before, a state-of-the-art missile defense shield that will be entirely made in the USA. Right here, right here in your state, right here in Florida. We’ll build a big section. You have a lot of defense. We moved a lot of companies into Florida for defense purposes.(54:32)I will not cut one penny from Social Security or Medicare, and I will not raise the retirement age by one day. Biden is going to do that because he’s allowing these people that come in to go onto Social Security and Medicare to go into the hospitals, and we want to be nice, but no country can sustain this. No country can sustain it. I kept that promise for four straight years, and I will keep it again. We have plenty of other resources. We’re not going to touch Social Security or Medicare. If the millions of Biden migrants became citizens, Medicare and Social Security will be gone. They’ll be gone. They’ll be gone.(55:12)We’re going to rebuild our cities into beacons of hope, safety, and beauty better than they have ever, ever, ever been before. We will take over the horribly run capital of our nation in Washington, D.C. and clean it up, renovate it, and rebuild our capital city so that it is no longer a nightmare of murder and crime, but rather it will become the most beautiful capital anywhere in the world. Right now, if you leave Florida, “Oh, let’s go darling, let’s look at the Jefferson Memorial. Let’s look at the Washington Monument. Let’s go and look at some of the beautiful scenes.” And you end up getting shot, mugged, raped.(55:53)We’re going to take over our capital and we’re going to run it tough and smart, and we’re going to beautify it. We’re going to get all the graffiti off the marble. We’re going to fix the roads and the medians, which are falling down all over the streets. We’re going to make our capital beautiful again. We’re going to do the same thing with our cities, even though Democrat-run. We’re going to work with Democrat governors and mayors if we have to.(56:14)On day one, I will sign a new executive order to cut federal funding for any school pushing critical race theory, transgender insanity, and other inappropriate racial, sexual or political content onto the lives of our children. And I will not give one penny to any school that has a vaccine mandate or a mask mandate. And I will keep men out of women’s sports. Can you imagine? Can you imagine even having to say that?(56:52)I will fully uphold the Second Amendment. We will protect innocent life and we will restore free speech in our country. And I will secure our elections once and for all. Our goal will be one day voting with paper ballots, proof of citizenship and voter ID. Very simple. But until then, Republicans must win. You must get out and vote. We want a landslide and let’s call it this, too big to rig. Too big to rig. Thank you.(57:28)Look at all the front-row Joe’s. Oh, wow. Wow. They’ve been to like 200 rallies. Thank you very much. It’s great honor to have you. Great. It’s a great honor. These are real patriots. They make a lot of money I guess because they’re at every rally. I go to California, I have a rally, I have the front-row Joe’s there.(57:47)If you took the 10 worst presidents in the history of the United States and added them up, they would not have done near the destruction to our country as Joe Biden and the Biden administration has done. Think of it. I used to say five. Remember six months ago, I’d say five worse. I added 10. I could go higher than that. There’s nobody that’s done destruction to our country. And now we find out he probably doesn’t even know he did it. “Joe, why did you do it?” “What did I do?”(58:19)So if you want to save America, get your friends, get your family, get everyone you know and vote. You got to vote early. Vote absentee, vote on election day. Vote anytime you want, but vote and follow your vote. Make sure that it gets counted. You can do that. Follow that vote because these people cheat like nobody’s ever cheated before. Frankly, they’re no good at policy, but they’re good at cheating. And if you want to help us ensure election integrity, sign up at ProtectTheVote.com.(58:56)So in conclusion, from Jacksonville to Miami, from Tampa to Tallahassee, from the beautiful place that I know very well, Destin, to right here in Doral, we inherit the legacy of generations of American patriots who gave their blood, sweat and tears to defend our country and our freedom. We stand on the shoulders of American heroes who crossed the ocean, settled the continent, tamed the wilderness, laid down the railroads, raised up those great, beautiful skyscrapers, won two world wars and from right here in this beautiful state launched our brave American astronauts to plant the Stars and Stripes on the face of the moon. Together they made America into the single greatest nation in the history of the world.",153,42,2.20256261007084,"real"
"trump national doral","But now we are a nation in decline. We are a failing nation. We are a nation that has the highest inflation in 50 years where banks are collapsing and interest rates are skyrocketing. Likewise, we are a nation where energy costs have reached the highest levels in our history. We are no longer energy independent or energy dominant as we were just a few short years ago. We are a nation that is begging Venezuela and others for oil. “Please, please, please help us,” Joe Biden says. And yet we have more liquid gold under our feet than any other country anywhere in the world. We are a nation that just recently heard that Saudi Arabia and Russia will be reducing their oil production while at the same time substantially increasing the price.(01:01:43)And we met that threat by announcing that we will no longer be drilling for oil in large areas of Alaska and elsewhere in our precious land. We are a nation that is considered and consumed by the radical left’s Green New Deal. Yet everyone knows that the green new scam is fake and will lead only to our destruction. We are a nation whose leaders are demanding all electric cars, despite the fact that they don’t go far, costs too much, and whose batteries are produced in China with materials only available in China, when an unlimited amount of gasoline is available inexpensively in the United States but not available in China. And now we are a nation that wants to make a revered and very powerful army tanks, the best in the world, all electric, so that despite the fact that they are also not able to go far, fewer pollutants will be released into the air as we blast our way through enemy territory in an environmentally friendly way.(01:02:53)And they also want to make our great jet fighters with a green stamp of energy savings, now losing 15% deficiency, but allowing us to keep our enemy’s atmosphere clean of emissions as we viciously and unceremoniously attack them at levels never seen before. Who are these people? Who are these fools that would do this to us? Who are these people who would ruin our country? We are a nation that ended oil exploration and production in the United States just as the price of oil reached an all time high. What other country would do such a stupid thing, a foolish thing, and self-destruct itself just like we’ve done for four years. Can we be energy independent and even energy dominant again? “Yes, oh, yes, and quickly,” says President Trump. “Yes, oh, yes, and we will do it quickly.”(01:03:53)We are a nation that surrendered in Afghanistan, leaving dead soldiers, American citizens and $85 billion worth of the finest military equipment anywhere in the world. We left it behind. And also abandoning Bagram, one of the biggest military bases anywhere in the world and only one hour away from where China makes its nuclear weapons. And we are a nation that allowed Russia and Ukraine to fight killing hundreds of thousands of people and it will only get worse. It would never have happened with me as your president. And for four straight years it didn’t happen. Likewise, the horrifying attack on Israel would’ve never happened. They wouldn’t even have thought of doing such a thing if President Trump was in the Oval Office. Iran was broke under the Trump administration. They didn’t have the money to fund Hama, Hezbollah, and all of the other instruments of terror that they use. But those sanctions were lifted by a corrupt Biden administration. And now Iran is a rich country with 250 billion. Think of that.(01:05:04)Iran, from nothing, they were broke. They now have $250 billion. $6 billion they also got for hostages. $6 billion. And for electricity to Iraq, they were given $10 billion. All compliments of an incompetent Biden administration. And China with Taiwan is next. We are a nation that allows radical left terrorists to violently attack our cities, leaving behind massive destruction and death, and nothing happens to the criminals to do these terrible things. There is no punishment. But when people who love our country protest on January 6th in Washington, they become hostages, unfairly imprisoned for long periods of time. But fortunately, the Supreme Court has just ruled and they should be out soon. We are a third world nation that has weaponized its law enforcement against the opposing political party like never seen before in our country. We’ve got a Federal Bureau of Investigation that won’t allow bad election changing facts to be presented to the public, and which offers $1 million to a writer of fiction about Donald Trump to lie and to say it was fact. Where Hunter Biden’s laptop from hell was Russian disinformation and the FBI knew it wasn’t, but 51 intelligence agent said it was. And a Department of Justice that refuses to investigate egregious acts of voting irregularities and fraud. And we have a man who’s totally corrupt, totally incompetent, and the worst president in the history of our country. Who is cognitively impaired and is a president who is not legally allowed to stay in trial because he is mentally incompetent, but he is allowed to become the President of the United States again, and he’s in no condition to leave and is now in charge of dealing with Russia and China and all of these countries on possible nuclear war.(01:07:22)He has no clue what he’s doing or where he is. And next will be World War III because he doesn’t know what he’s doing. And this will be a war more devastating than any of the other wars. It will be a war like no other because of the weaponry that no one wants to even think about or ever talk about. We are a nation that no longer has a free and fair press. Fake news is all you get and they are indeed the enemy of the people. They refuse to discuss the Biden crime family, but enjoy covering the false indictments of Donald J. Trump, who has done nothing wrong except win an election against crooked Hillary Clinton.(01:08:16)We are a nation where free speech is no longer allowed and where crime is rampant and not of control like never before. We are a nation that is allowing Iran to build a massive nuclear weapon and China to use the trillions and trillions of dollars it has taken from us to build a military to rival our own. And less than four years ago, we had Iran, China, Russia, North Korea, all in check. They respected us. They were afraid of us. They weren’t going to do a thing against us and everyone knows it. Now Russia and China are holding summits to carve up the rest of the world. And perhaps most importantly, we are a nation that is no longer admired, respected, or listened to on the world stage. They just aren’t. We are a nation, in fact, that in many ways has become a joke and we are a nation that is hostile to liberty, freedom, faith, and even to God.(01:09:18)We are a nation whose economy is collapsing into a cesspool of ruin and whose supply chain is broken, whose stores are not stocked, whose deliveries are not coming, and whose educational system is ranked at the very bottom of every single list. We are a nation that just sold a once great company, United States Steel, to Japan. We are a nation whose stock markets continued success, is continued and contingent on MAGA winning the next election. If MAGA doesn’t win the next election, you will have a 1929 type depression. We are a nation where large packs of sadistic criminals and thieves are allowed to go into stores and openly rob them, beat up and kill their workers and customers and leave with arm loads of goods but with no retribution, where the authority of our great police has been taken, where their families and pensions have been threatened and their lives would be destroyed for the mere mention of the words law enforcement.(01:10:27)We are a nation where fentanyl and all other forms of illegal drugs are easier to get than groceries to feed our beautiful families and babies. We have become a drug infested crime-ridden nation, which is incapable of solving even the simplest of problems. We will institute the powerful death penalty for drug dealers where each dealer is responsible for the death during their lives of 500 people or more. Mothers will never again be forced to watch their children overdosing and [inaudible 01:11:02]. And we will never allow mothers to watch their child hopelessly dying in their arms screaming, “What can I do? What can I do? Help me God, what can I do?” We are a nation who’s once revered airports are a dirty, crowded mess. You sit and wait for hours and then are notified that the plane won’t leave, that they have no idea when they will, where ticket prices have tripled. They don’t have the pilots to fly the planes. They don’t see qualified air traffic controllers and they just don’t know what the hell they’re doing.(01:11:36)We are a nation that screens a citizens viciously at all ports, but if you are an illegal alien, you are allowed to flow through by the millions and millions right over our southern border. We are a nation that has lost its confidence, lost its willpower, and lost its strength. We are a nation that has lost its way, but we are not going to allow this horror to continue. Less than four years ago, we were a great nation and we will soon be a great nation again. With the right leadership, every disaster Joe Biden has created can be fixed and quickly. Every problem can be solved and every wrong can be rectified, and it will be rectified very quickly.(01:12:31)By this time next year, America’s borders will be strong, sealed and secure. Inflation will be in full retreat. Our economy will be at a level that will equal and even surpass what it was four years ago. Optimism will be surging. The American dream will be thriving again for citizens of every race, religion, color, and creed. Law and justice will reign all throughout our land. Freedom will be restored. The flame of liberty will be burning bright. Joe Biden, the worst president in the history of our country, will be a fading memory of the past. And our great silent majority, including the once forgotten men and women of our country, will be the one shaping America’s magnificent future when I am the 47th President of the United States. Because we are all Americans and together we will show November 5th to be the most important day in the history of America.(01:13:38)We are one movement, one people, one family, and one glorious nation under God. And together we will make America powerful again. We will make America wealthy again. We will make America strong again. We will make America proud again. We will make America safe again. We will make America free again, and we will make America great again. Thank you Florida. Thank you very much. Thank you Miami. God bless everyone. God bless you all. Thank you.",154,-26,2.12654667764448,"real"
